value,0,0.0785398,0.0196349,0.15708,0.0392699
value,0,0.0785398,0.0589048,0.15708,0.0392699
value,33.8768,0.0785398,0.0981747,0.15708,0.0392699
value,33.8768,0.0785398,0.137445,0.15708,0.0392699
value,101.63,0.0785398,0.176714,0.15708,0.0392699
value,0,0.0785398,0.215984,0.15708,0.0392699
value,33.8768,0.0785398,0.255254,0.15708,0.0392699
value,135.507,0.0785398,0.294524,0.15708,0.0392699
value,0,0.0785398,0.333794,0.15708,0.0392699
value,67.7535,0.0785398,0.373064,0.15708,0.0392699
value,67.7535,0.0785398,0.412334,0.15708,0.0392699
value,67.7535,0.0785398,0.451604,0.15708,0.0392699
value,169.384,0.0785398,0.490873,0.15708,0.0392699
value,67.7535,0.0785398,0.530143,0.15708,0.0392699
value,67.7535,0.0785398,0.569413,0.15708,0.0392699
value,0,0.0785398,0.608683,0.15708,0.0392699
value,33.8768,0.0785398,0.647953,0.15708,0.0392699
value,67.7535,0.0785398,0.687223,0.15708,0.0392699
value,169.384,0.0785398,0.726493,0.15708,0.0392699
value,203.261,0.0785398,0.765763,0.15708,0.0392699
value,101.63,0.0785398,0.805032,0.15708,0.0392699
value,135.507,0.0785398,0.844302,0.15708,0.0392699
value,67.7535,0.0785398,0.883572,0.15708,0.0392699
value,169.384,0.0785398,0.922842,0.15708,0.0392699
value,33.8768,0.0785398,0.962112,0.15708,0.0392699
value,33.8768,0.0785398,1.00138,0.15708,0.0392699
value,67.7535,0.0785398,1.04065,0.15708,0.0392699
value,0,0.0785398,1.07992,0.15708,0.0392699
value,0,0.0785398,1.11919,0.15708,0.0392699
value,33.8768,0.0785398,1.15846,0.15708,0.0392699
value,0,0.0785398,1.19773,0.15708,0.0392699
value,0,0.0785398,1.237,0.15708,0.0392699
value,0,0.0785398,1.27627,0.15708,0.0392699
value,0,0.0785398,1.31554,0.15708,0.0392699
value,0,0.0785398,1.35481,0.15708,0.0392699
value,0,0.0785398,1.39408,0.15708,0.0392699
value,0,0.0785398,1.43335,0.15708,0.0392699
value,0,0.0785398,1.47262,0.15708,0.0392699
value,0,0.0785398,1.51189,0.15708,0.0392699
value,0,0.0785398,1.55116,0.15708,0.0392699
value,33.8768,0.235619,0.0196349,0.15708,0.0392699
value,33.8768,0.235619,0.0589048,0.15708,0.0392699
value,33.8768,0.235619,0.0981747,0.15708,0.0392699
value,0,0.235619,0.137445,0.15708,0.0392699
value,0,0.235619,0.176714,0.15708,0.0392699
value,67.7535,0.235619,0.215984,0.15708,0.0392699
value,0,0.235619,0.255254,0.15708,0.0392699
value,0,0.235619,0.294524,0.15708,0.0392699
value,33.8768,0.235619,0.333794,0.15708,0.0392699
value,101.63,0.235619,0.373064,0.15708,0.0392699
value,0,0.235619,0.412334,0.15708,0.0392699
value,135.507,0.235619,0.451604,0.15708,0.0392699
value,67.7535,0.235619,0.490873,0.15708,0.0392699
value,67.7535,0.235619,0.530143,0.15708,0.0392699
value,101.63,0.235619,0.569413,0.15708,0.0392699
value,101.63,0.235619,0.608683,0.15708,0.0392699
value,101.63,0.235619,0.647953,0.15708,0.0392699
value,67.7535,0.235619,0.687223,0.15708,0.0392699
value,101.63,0.235619,0.726493,0.15708,0.0392699
value,67.7535,0.235619,0.765763,0.15708,0.0392699
value,67.7535,0.235619,0.805032,0.15708,0.0392699
value,33.8768,0.235619,0.844302,0.15708,0.0392699
value,67.7535,0.235619,0.883572,0.15708,0.0392699
value,0,0.235619,0.922842,0.15708,0.0392699
value,0,0.235619,0.962112,0.15708,0.0392699
value,33.8768,0.235619,1.00138,0.15708,0.0392699
value,67.7535,0.235619,1.04065,0.15708,0.0392699
value,0,0.235619,1.07992,0.15708,0.0392699
value,0,0.235619,1.11919,0.15708,0.0392699
value,0,0.235619,1.15846,0.15708,0.0392699
value,0,0.235619,1.19773,0.15708,0.0392699
value,0,0.235619,1.237,0.15708,0.0392699
value,0,0.235619,1.27627,0.15708,0.0392699
value,0,0.235619,1.31554,0.15708,0.0392699
value,0,0.235619,1.35481,0.15708,0.0392699
value,0,0.235619,1.39408,0.15708,0.0392699
value,0,0.235619,1.43335,0.15708,0.0392699
value,0,0.235619,1.47262,0.15708,0.0392699
value,0,0.235619,1.51189,0.15708,0.0392699
value,0,0.235619,1.55116,0.15708,0.0392699
value,33.8768,0.392699,0.0196349,0.15708,0.0392699
value,33.8768,0.392699,0.0589048,0.15708,0.0392699
value,0,0.392699,0.0981747,0.15708,0.0392699
value,33.8768,0.392699,0.137445,0.15708,0.0392699
value,33.8768,0.392699,0.176714,0.15708,0.0392699
value,0,0.392699,0.215984,0.15708,0.0392699
value,33.8768,0.392699,0.255254,0.15708,0.0392699
value,67.7535,0.392699,0.294524,0.15708,0.0392699
value,33.8768,0.392699,0.333794,0.15708,0.0392699
value,33.8768,0.392699,0.373064,0.15708,0.0392699
value,67.7535,0.392699,0.412334,0.15708,0.0392699
value,101.63,0.392699,0.451604,0.15708,0.0392699
value,101.63,0.392699,0.490873,0.15708,0.0392699
value,135.507,0.392699,0.530143,0.15708,0.0392699
value,33.8768,0.392699,0.569413,0.15708,0.0392699
value,67.7535,0.392699,0.608683,0.15708,0.0392699
value,67.7535,0.392699,0.647953,0.15708,0.0392699
value,33.8768,0.392699,0.687223,0.15708,0.0392699
value,67.7535,0.392699,0.726493,0.15708,0.0392699
value,33.8768,0.392699,0.765763,0.15708,0.0392699
value,101.63,0.392699,0.805032,0.15708,0.0392699
value,0,0.392699,0.844302,0.15708,0.0392699
value,33.8768,0.392699,0.883572,0.15708,0.0392699
value,0,0.392699,0.922842,0.15708,0.0392699
value,0,0.392699,0.962112,0.15708,0.0392699
value,0,0.392699,1.00138,0.15708,0.0392699
value,0,0.392699,1.04065,0.15708,0.0392699
value,0,0.392699,1.07992,0.15708,0.0392699
value,0,0.392699,1.11919,0.15708,0.0392699
value,0,0.392699,1.15846,0.15708,0.0392699
value,0,0.392699,1.19773,0.15708,0.0392699
value,0,0.392699,1.237,0.15708,0.0392699
value,0,0.392699,1.27627,0.15708,0.0392699
value,33.8768,0.392699,1.31554,0.15708,0.0392699
value,33.8768,0.392699,1.35481,0.15708,0.0392699
value,0,0.392699,1.39408,0.15708,0.0392699
value,0,0.392699,1.43335,0.15708,0.0392699
value,0,0.392699,1.47262,0.15708,0.0392699
value,0,0.392699,1.51189,0.15708,0.0392699
value,0,0.392699,1.55116,0.15708,0.0392699
value,0,0.549778,0.0196349,0.15708,0.0392699
value,33.8768,0.549778,0.0589048,0.15708,0.0392699
value,33.8768,0.549778,0.0981747,0.15708,0.0392699
value,33.8768,0.549778,0.137445,0.15708,0.0392699
value,33.8768,0.549778,0.176714,0.15708,0.0392699
value,0,0.549778,0.215984,0.15708,0.0392699
value,33.8768,0.549778,0.255254,0.15708,0.0392699
value,33.8768,0.549778,0.294524,0.15708,0.0392699
value,67.7535,0.549778,0.333794,0.15708,0.0392699
value,33.8768,0.549778,0.373064,0.15708,0.0392699
value,33.8768,0.549778,0.412334,0.15708,0.0392699
value,67.7535,0.549778,0.451604,0.15708,0.0392699
value,33.8768,0.549778,0.490873,0.15708,0.0392699
value,33.8768,0.549778,0.530143,0.15708,0.0392699
value,33.8768,0.549778,0.569413,0.15708,0.0392699
value,169.384,0.549778,0.608683,0.15708,0.0392699
value,67.7535,0.549778,0.647953,0.15708,0.0392699
value,67.7535,0.549778,0.687223,0.15708,0.0392699
value,33.8768,0.549778,0.726493,0.15708,0.0392699
value,101.63,0.549778,0.765763,0.15708,0.0392699
value,0,0.549778,0.805032,0.15708,0.0392699
value,33.8768,0.549778,0.844302,0.15708,0.0392699
value,0,0.549778,0.883572,0.15708,0.0392699
value,33.8768,0.549778,0.922842,0.15708,0.0392699
value,0,0.549778,0.962112,0.15708,0.0392699
value,33.8768,0.549778,1.00138,0.15708,0.0392699
value,0,0.549778,1.04065,0.15708,0.0392699
value,0,0.549778,1.07992,0.15708,0.0392699
value,0,0.549778,1.11919,0.15708,0.0392699
value,0,0.549778,1.15846,0.15708,0.0392699
value,0,0.549778,1.19773,0.15708,0.0392699
value,0,0.549778,1.237,0.15708,0.0392699
value,0,0.549778,1.27627,0.15708,0.0392699
value,0,0.549778,1.31554,0.15708,0.0392699
value,0,0.549778,1.35481,0.15708,0.0392699
value,0,0.549778,1.39408,0.15708,0.0392699
value,0,0.549778,1.43335,0.15708,0.0392699
value,0,0.549778,1.47262,0.15708,0.0392699
value,0,0.549778,1.51189,0.15708,0.0392699
value,0,0.549778,1.55116,0.15708,0.0392699
value,0,0.706858,0.0196349,0.15708,0.0392699
value,0,0.706858,0.0589048,0.15708,0.0392699
value,33.8768,0.706858,0.0981747,0.15708,0.0392699
value,0,0.706858,0.137445,0.15708,0.0392699
value,67.7535,0.706858,0.176714,0.15708,0.0392699
value,0,0.706858,0.215984,0.15708,0.0392699
value,33.8768,0.706858,0.255254,0.15708,0.0392699
value,67.7535,0.706858,0.294524,0.15708,0.0392699
value,33.8768,0.706858,0.333794,0.15708,0.0392699
value,135.507,0.706858,0.373064,0.15708,0.0392699
value,169.384,0.706858,0.412334,0.15708,0.0392699
value,101.63,0.706858,0.451604,0.15708,0.0392699
value,67.7535,0.706858,0.490873,0.15708,0.0392699
value,0,0.706858,0.530143,0.15708,0.0392699
value,33.8768,0.706858,0.569413,0.15708,0.0392699
value,0,0.706858,0.608683,0.15708,0.0392699
value,0,0.706858,0.647953,0.15708,0.0392699
value,67.7535,0.706858,0.687223,0.15708,0.0392699
value,0,0.706858,0.726493,0.15708,0.0392699
value,0,0.706858,0.765763,0.15708,0.0392699
value,101.63,0.706858,0.805032,0.15708,0.0392699
value,0,0.706858,0.844302,0.15708,0.0392699
value,0,0.706858,0.883572,0.15708,0.0392699
value,33.8768,0.706858,0.922842,0.15708,0.0392699
value,33.8768,0.706858,0.962112,0.15708,0.0392699
value,0,0.706858,1.00138,0.15708,0.0392699
value,0,0.706858,1.04065,0.15708,0.0392699
value,33.8768,0.706858,1.07992,0.15708,0.0392699
value,0,0.706858,1.11919,0.15708,0.0392699
value,0,0.706858,1.15846,0.15708,0.0392699
value,0,0.706858,1.19773,0.15708,0.0392699
value,0,0.706858,1.237,0.15708,0.0392699
value,0,0.706858,1.27627,0.15708,0.0392699
value,0,0.706858,1.31554,0.15708,0.0392699
value,0,0.706858,1.35481,0.15708,0.0392699
value,0,0.706858,1.39408,0.15708,0.0392699
value,0,0.706858,1.43335,0.15708,0.0392699
value,0,0.706858,1.47262,0.15708,0.0392699
value,0,0.706858,1.51189,0.15708,0.0392699
value,0,0.706858,1.55116,0.15708,0.0392699
value,67.7535,0.863937,0.0196349,0.15708,0.0392699
value,0,0.863937,0.0589048,0.15708,0.0392699
value,0,0.863937,0.0981747,0.15708,0.0392699
value,101.63,0.863937,0.137445,0.15708,0.0392699
value,67.7535,0.863937,0.176714,0.15708,0.0392699
value,67.7535,0.863937,0.215984,0.15708,0.0392699
value,0,0.863937,0.255254,0.15708,0.0392699
value,67.7535,0.863937,0.294524,0.15708,0.0392699
value,0,0.863937,0.333794,0.15708,0.0392699
value,101.63,0.863937,0.373064,0.15708,0.0392699
value,67.7535,0.863937,0.412334,0.15708,0.0392699
value,33.8768,0.863937,0.451604,0.15708,0.0392699
value,67.7535,0.863937,0.490873,0.15708,0.0392699
value,237.137,0.863937,0.530143,0.15708,0.0392699
value,169.384,0.863937,0.569413,0.15708,0.0392699
value,67.7535,0.863937,0.608683,0.15708,0.0392699
value,135.507,0.863937,0.647953,0.15708,0.0392699
value,67.7535,0.863937,0.687223,0.15708,0.0392699
value,169.384,0.863937,0.726493,0.15708,0.0392699
value,33.8768,0.863937,0.765763,0.15708,0.0392699
value,0,0.863937,0.805032,0.15708,0.0392699
value,67.7535,0.863937,0.844302,0.15708,0.0392699
value,0,0.863937,0.883572,0.15708,0.0392699
value,0,0.863937,0.922842,0.15708,0.0392699
value,0,0.863937,0.962112,0.15708,0.0392699
value,0,0.863937,1.00138,0.15708,0.0392699
value,0,0.863937,1.04065,0.15708,0.0392699
value,0,0.863937,1.07992,0.15708,0.0392699
value,0,0.863937,1.11919,0.15708,0.0392699
value,0,0.863937,1.15846,0.15708,0.0392699
value,0,0.863937,1.19773,0.15708,0.0392699
value,0,0.863937,1.237,0.15708,0.0392699
value,0,0.863937,1.27627,0.15708,0.0392699
value,0,0.863937,1.31554,0.15708,0.0392699
value,0,0.863937,1.35481,0.15708,0.0392699
value,0,0.863937,1.39408,0.15708,0.0392699
value,0,0.863937,1.43335,0.15708,0.0392699
value,0,0.863937,1.47262,0.15708,0.0392699
value,0,0.863937,1.51189,0.15708,0.0392699
value,0,0.863937,1.55116,0.15708,0.0392699
value,0,1.02102,0.0196349,0.15708,0.0392699
value,33.8768,1.02102,0.0589048,0.15708,0.0392699
value,33.8768,1.02102,0.0981747,0.15708,0.0392699
value,33.8768,1.02102,0.137445,0.15708,0.0392699
value,33.8768,1.02102,0.176714,0.15708,0.0392699
value,67.7535,1.02102,0.215984,0.15708,0.0392699
value,33.8768,1.02102,0.255254,0.15708,0.0392699
value,33.8768,1.02102,0.294524,0.15708,0.0392699
value,101.63,1.02102,0.333794,0.15708,0.0392699
value,33.8768,1.02102,0.373064,0.15708,0.0392699
value,101.63,1.02102,0.412334,0.15708,0.0392699
value,67.7535,1.02102,0.451604,0.15708,0.0392699
value,101.63,1.02102,0.490873,0.15708,0.0392699
value,135.507,1.02102,0.530143,0.15708,0.0392699
value,169.384,1.02102,0.569413,0.15708,0.0392699
value,101.63,1.02102,0.608683,0.15708,0.0392699
value,67.7535,1.02102,0.647953,0.15708,0.0392699
value,101.63,1.02102,0.687223,0.15708,0.0392699
value,0,1.02102,0.726493,0.15708,0.0392699
value,67.7535,1.02102,0.765763,0.15708,0.0392699
value,101.63,1.02102,0.805032,0.15708,0.0392699
value,0,1.02102,0.844302,0.15708,0.0392699
value,0,1.02102,0.883572,0.15708,0.0392699
value,33.8768,1.02102,0.922842,0.15708,0.0392699
value,67.7535,1.02102,0.962112,0.15708,0.0392699
value,0,1.02102,1.00138,0.15708,0.0392699
value,0,1.02102,1.04065,0.15708,0.0392699
value,0,1.02102,1.07992,0.15708,0.0392699
value,33.8768,1.02102,1.11919,0.15708,0.0392699
value,0,1.02102,1.15846,0.15708,0.0392699
value,0,1.02102,1.19773,0.15708,0.0392699
value,33.8768,1.02102,1.237,0.15708,0.0392699
value,0,1.02102,1.27627,0.15708,0.0392699
value,0,1.02102,1.31554,0.15708,0.0392699
value,0,1.02102,1.35481,0.15708,0.0392699
value,0,1.02102,1.39408,0.15708,0.0392699
value,0,1.02102,1.43335,0.15708,0.0392699
value,0,1.02102,1.47262,0.15708,0.0392699
value,0,1.02102,1.51189,0.15708,0.0392699
value,0,1.02102,1.55116,0.15708,0.0392699
value,0,1.1781,0.0196349,0.15708,0.0392699
value,0,1.1781,0.0589048,0.15708,0.0392699
value,0,1.1781,0.0981747,0.15708,0.0392699
value,33.8768,1.1781,0.137445,0.15708,0.0392699
value,135.507,1.1781,0.176714,0.15708,0.0392699
value,67.7535,1.1781,0.215984,0.15708,0.0392699
value,203.261,1.1781,0.255254,0.15708,0.0392699
value,101.63,1.1781,0.294524,0.15708,0.0392699
value,67.7535,1.1781,0.333794,0.15708,0.0392699
value,33.8768,1.1781,0.373064,0.15708,0.0392699
value,135.507,1.1781,0.412334,0.15708,0.0392699
value,0,1.1781,0.451604,0.15708,0.0392699
value,0,1.1781,0.490873,0.15708,0.0392699
value,135.507,1.1781,0.530143,0.15708,0.0392699
value,271.014,1.1781,0.569413,0.15708,0.0392699
value,101.63,1.1781,0.608683,0.15708,0.0392699
value,135.507,1.1781,0.647953,0.15708,0.0392699
value,0,1.1781,0.687223,0.15708,0.0392699
value,135.507,1.1781,0.726493,0.15708,0.0392699
value,101.63,1.1781,0.765763,0.15708,0.0392699
value,67.7535,1.1781,0.805032,0.15708,0.0392699
value,67.7535,1.1781,0.844302,0.15708,0.0392699
value,0,1.1781,0.883572,0.15708,0.0392699
value,0,1.1781,0.922842,0.15708,0.0392699
value,0,1.1781,0.962112,0.15708,0.0392699
value,33.8768,1.1781,1.00138,0.15708,0.0392699
value,0,1.1781,1.04065,0.15708,0.0392699
value,0,1.1781,1.07992,0.15708,0.0392699
value,33.8768,1.1781,1.11919,0.15708,0.0392699
value,0,1.1781,1.15846,0.15708,0.0392699
value,0,1.1781,1.19773,0.15708,0.0392699
value,0,1.1781,1.237,0.15708,0.0392699
value,0,1.1781,1.27627,0.15708,0.0392699
value,0,1.1781,1.31554,0.15708,0.0392699
value,0,1.1781,1.35481,0.15708,0.0392699
value,0,1.1781,1.39408,0.15708,0.0392699
value,0,1.1781,1.43335,0.15708,0.0392699
value,0,1.1781,1.47262,0.15708,0.0392699
value,0,1.1781,1.51189,0.15708,0.0392699
value,0,1.1781,1.55116,0.15708,0.0392699
value,0,1.33518,0.0196349,0.15708,0.0392699
value,101.63,1.33518,0.0589048,0.15708,0.0392699
value,0,1.33518,0.0981747,0.15708,0.0392699
value,67.7535,1.33518,0.137445,0.15708,0.0392699
value,135.507,1.33518,0.176714,0.15708,0.0392699
value,67.7535,1.33518,0.215984,0.15708,0.0392699
value,33.8768,1.33518,0.255254,0.15708,0.0392699
value,0,1.33518,0.294524,0.15708,0.0392699
value,33.8768,1.33518,0.333794,0.15708,0.0392699
value,67.7535,1.33518,0.373064,0.15708,0.0392699
value,67.7535,1.33518,0.412334,0.15708,0.0392699
value,169.384,1.33518,0.451604,0.15708,0.0392699
value,33.8768,1.33518,0.490873,0.15708,0.0392699
value,271.014,1.33518,0.530143,0.15708,0.0392699
value,33.8768,1.33518,0.569413,0.15708,0.0392699
value,33.8768,1.33518,0.608683,0.15708,0.0392699
value,203.261,1.33518,0.647953,0.15708,0.0392699
value,203.261,1.33518,0.687223,0.15708,0.0392699
value,67.7535,1.33518,0.726493,0.15708,0.0392699
value,67.7535,1.33518,0.765763,0.15708,0.0392699
value,67.7535,1.33518,0.805032,0.15708,0.0392699
value,67.7535,1.33518,0.844302,0.15708,0.0392699
value,101.63,1.33518,0.883572,0.15708,0.0392699
value,101.63,1.33518,0.922842,0.15708,0.0392699
value,101.63,1.33518,0.962112,0.15708,0.0392699
value,135.507,1.33518,1.00138,0.15708,0.0392699
value,67.7535,1.33518,1.04065,0.15708,0.0392699
value,67.7535,1.33518,1.07992,0.15708,0.0392699
value,33.8768,1.33518,1.11919,0.15708,0.0392699
value,0,1.33518,1.15846,0.15708,0.0392699
value,0,1.33518,1.19773,0.15708,0.0392699
value,0,1.33518,1.237,0.15708,0.0392699
value,0,1.33518,1.27627,0.15708,0.0392699
value,0,1.33518,1.31554,0.15708,0.0392699
value,0,1.33518,1.35481,0.15708,0.0392699
value,0,1.33518,1.39408,0.15708,0.0392699
value,0,1.33518,1.43335,0.15708,0.0392699
value,0,1.33518,1.47262,0.15708,0.0392699
value,0,1.33518,1.51189,0.15708,0.0392699
value,0,1.33518,1.55116,0.15708,0.0392699
value,0,1.49226,0.0196349,0.15708,0.0392699
value,0,1.49226,0.0589048,0.15708,0.0392699
value,0,1.49226,0.0981747,0.15708,0.0392699
value,33.8768,1.49226,0.137445,0.15708,0.0392699
value,203.261,1.49226,0.176714,0.15708,0.0392699
value,101.63,1.49226,0.215984,0.15708,0.0392699
value,135.507,1.49226,0.255254,0.15708,0.0392699
value,101.63,1.49226,0.294524,0.15708,0.0392699
value,135.507,1.49226,0.333794,0.15708,0.0392699
value,135.507,1.49226,0.373064,0.15708,0.0392699
value,33.8768,1.49226,0.412334,0.15708,0.0392699
value,203.261,1.49226,0.451604,0.15708,0.0392699
value,203.261,1.49226,0.490873,0.15708,0.0392699
value,271.014,1.49226,0.530143,0.15708,0.0392699
value,304.891,1.49226,0.569413,0.15708,0.0392699
value,135.507,1.49226,0.608683,0.15708,0.0392699
value,169.384,1.49226,0.647953,0.15708,0.0392699
value,304.891,1.49226,0.687223,0.15708,0.0392699
value,135.507,1.49226,0.726493,0.15708,0.0392699
value,237.137,1.49226,0.765763,0.15708,0.0392699
value,169.384,1.49226,0.805032,0.15708,0.0392699
value,101.63,1.49226,0.844302,0.15708,0.0392699
value,169.384,1.49226,0.883572,0.15708,0.0392699
value,237.137,1.49226,0.922842,0.15708,0.0392699
value,169.384,1.49226,0.962112,0.15708,0.0392699
value,169.384,1.49226,1.00138,0.15708,0.0392699
value,169.384,1.49226,1.04065,0.15708,0.0392699
value,101.63,1.49226,1.07992,0.15708,0.0392699
value,67.7535,1.49226,1.11919,0.15708,0.0392699
value,33.8768,1.49226,1.15846,0.15708,0.0392699
value,0,1.49226,1.19773,0.15708,0.0392699
value,0,1.49226,1.237,0.15708,0.0392699
value,0,1.49226,1.27627,0.15708,0.0392699
value,0,1.49226,1.31554,0.15708,0.0392699
value,0,1.49226,1.35481,0.15708,0.0392699
value,0,1.49226,1.39408,0.15708,0.0392699
value,0,1.49226,1.43335,0.15708,0.0392699
value,0,1.49226,1.47262,0.15708,0.0392699
value,0,1.49226,1.51189,0.15708,0.0392699
value,0,1.49226,1.55116,0.15708,0.0392699
value,0,1.64933,0.0196349,0.15708,0.0392699
value,33.8768,1.64933,0.0589048,0.15708,0.0392699
value,67.7535,1.64933,0.0981747,0.15708,0.0392699
value,33.8768,1.64933,0.137445,0.15708,0.0392699
value,33.8768,1.64933,0.176714,0.15708,0.0392699
value,101.63,1.64933,0.215984,0.15708,0.0392699
value,101.63,1.64933,0.255254,0.15708,0.0392699
value,0,1.64933,0.294524,0.15708,0.0392699
value,33.8768,1.64933,0.333794,0.15708,0.0392699
value,135.507,1.64933,0.373064,0.15708,0.0392699
value,67.7535,1.64933,0.412334,0.15708,0.0392699
value,203.261,1.64933,0.451604,0.15708,0.0392699
value,237.137,1.64933,0.490873,0.15708,0.0392699
value,169.384,1.64933,0.530143,0.15708,0.0392699
value,406.521,1.64933,0.569413,0.15708,0.0392699
value,169.384,1.64933,0.608683,0.15708,0.0392699
value,304.891,1.64933,0.647953,0.15708,0.0392699
value,237.137,1.64933,0.687223,0.15708,0.0392699
value,169.384,1.64933,0.726493,0.15708,0.0392699
value,338.768,1.64933,0.765763,0.15708,0.0392699
value,237.137,1.64933,0.805032,0.15708,0.0392699
value,271.014,1.64933,0.844302,0.15708,0.0392699
value,169.384,1.64933,0.883572,0.15708,0.0392699
value,135.507,1.64933,0.922842,0.15708,0.0392699
value,237.137,1.64933,0.962112,0.15708,0.0392699
value,169.384,1.64933,1.00138,0.15708,0.0392699
value,135.507,1.64933,1.04065,0.15708,0.0392699
value,101.63,1.64933,1.07992,0.15708,0.0392699
value,67.7535,1.64933,1.11919,0.15708,0.0392699
value,0,1.64933,1.15846,0.15708,0.0392699
value,0,1.64933,1.19773,0.15708,0.0392699
value,0,1.64933,1.237,0.15708,0.0392699
value,0,1.64933,1.27627,0.15708,0.0392699
value,0,1.64933,1.31554,0.15708,0.0392699
value,0,1.64933,1.35481,0.15708,0.0392699
value,0,1.64933,1.39408,0.15708,0.0392699
value,0,1.64933,1.43335,0.15708,0.0392699
value,0,1.64933,1.47262,0.15708,0.0392699
value,0,1.64933,1.51189,0.15708,0.0392699
value,0,1.64933,1.55116,0.15708,0.0392699
value,0,1.80641,0.0196349,0.15708,0.0392699
value,33.8768,1.80641,0.0589048,0.15708,0.0392699
value,0,1.80641,0.0981747,0.15708,0.0392699
value,0,1.80641,0.137445,0.15708,0.0392699
value,33.8768,1.80641,0.176714,0.15708,0.0392699
value,67.7535,1.80641,0.215984,0.15708,0.0392699
value,135.507,1.80641,0.255254,0.15708,0.0392699
value,101.63,1.80641,0.294524,0.15708,0.0392699
value,101.63,1.80641,0.333794,0.15708,0.0392699
value,169.384,1.80641,0.373064,0.15708,0.0392699
value,169.384,1.80641,0.412334,0.15708,0.0392699
value,203.261,1.80641,0.451604,0.15708,0.0392699
value,338.768,1.80641,0.490873,0.15708,0.0392699
value,271.014,1.80641,0.530143,0.15708,0.0392699
value,169.384,1.80641,0.569413,0.15708,0.0392699
value,271.014,1.80641,0.608683,0.15708,0.0392699
value,542.028,1.80641,0.647953,0.15708,0.0392699
value,237.137,1.80641,0.687223,0.15708,0.0392699
value,304.891,1.80641,0.726493,0.15708,0.0392699
value,406.521,1.80641,0.765763,0.15708,0.0392699
value,169.384,1.80641,0.805032,0.15708,0.0392699
value,304.891,1.80641,0.844302,0.15708,0.0392699
value,338.768,1.80641,0.883572,0.15708,0.0392699
value,237.137,1.80641,0.922842,0.15708,0.0392699
value,203.261,1.80641,0.962112,0.15708,0.0392699
value,271.014,1.80641,1.00138,0.15708,0.0392699
value,271.014,1.80641,1.04065,0.15708,0.0392699
value,169.384,1.80641,1.07992,0.15708,0.0392699
value,33.8768,1.80641,1.11919,0.15708,0.0392699
value,0,1.80641,1.15846,0.15708,0.0392699
value,0,1.80641,1.19773,0.15708,0.0392699
value,0,1.80641,1.237,0.15708,0.0392699
value,0,1.80641,1.27627,0.15708,0.0392699
value,0,1.80641,1.31554,0.15708,0.0392699
value,0,1.80641,1.35481,0.15708,0.0392699
value,0,1.80641,1.39408,0.15708,0.0392699
value,0,1.80641,1.43335,0.15708,0.0392699
value,0,1.80641,1.47262,0.15708,0.0392699
value,0,1.80641,1.51189,0.15708,0.0392699
value,0,1.80641,1.55116,0.15708,0.0392699
value,33.8768,1.96349,0.0196349,0.15708,0.0392699
value,0,1.96349,0.0589048,0.15708,0.0392699
value,33.8768,1.96349,0.0981747,0.15708,0.0392699
value,135.507,1.96349,0.137445,0.15708,0.0392699
value,67.7535,1.96349,0.176714,0.15708,0.0392699
value,135.507,1.96349,0.215984,0.15708,0.0392699
value,237.137,1.96349,0.255254,0.15708,0.0392699
value,101.63,1.96349,0.294524,0.15708,0.0392699
value,101.63,1.96349,0.333794,0.15708,0.0392699
value,101.63,1.96349,0.373064,0.15708,0.0392699
value,203.261,1.96349,0.412334,0.15708,0.0392699
value,135.507,1.96349,0.451604,0.15708,0.0392699
value,237.137,1.96349,0.490873,0.15708,0.0392699
value,440.398,1.96349,0.530143,0.15708,0.0392699
value,271.014,1.96349,0.569413,0.15708,0.0392699
value,271.014,1.96349,0.608683,0.15708,0.0392699
value,406.521,1.96349,0.647953,0.15708,0.0392699
value,508.152,1.96349,0.687223,0.15708,0.0392699
value,440.398,1.96349,0.726493,0.15708,0.0392699
value,474.275,1.96349,0.765763,0.15708,0.0392699
value,372.644,1.96349,0.805032,0.15708,0.0392699
value,474.275,1.96349,0.844302,0.15708,0.0392699
value,271.014,1.96349,0.883572,0.15708,0.0392699
value,271.014,1.96349,0.922842,0.15708,0.0392699
value,203.261,1.96349,0.962112,0.15708,0.0392699
value,304.891,1.96349,1.00138,0.15708,0.0392699
value,440.398,1.96349,1.04065,0.15708,0.0392699
value,169.384,1.96349,1.07992,0.15708,0.0392699
value,67.7535,1.96349,1.11919,0.15708,0.0392699
value,33.8768,1.96349,1.15846,0.15708,0.0392699
value,67.7535,1.96349,1.19773,0.15708,0.0392699
value,33.8768,1.96349,1.237,0.15708,0.0392699
value,0,1.96349,1.27627,0.15708,0.0392699
value,0,1.96349,1.31554,0.15708,0.0392699
value,0,1.96349,1.35481,0.15708,0.0392699
value,0,1.96349,1.39408,0.15708,0.0392699
value,0,1.96349,1.43335,0.15708,0.0392699
value,0,1.96349,1.47262,0.15708,0.0392699
value,0,1.96349,1.51189,0.15708,0.0392699
value,0,1.96349,1.55116,0.15708,0.0392699
value,0,2.12057,0.0196349,0.15708,0.0392699
value,0,2.12057,0.0589048,0.15708,0.0392699
value,135.507,2.12057,0.0981747,0.15708,0.0392699
value,33.8768,2.12057,0.137445,0.15708,0.0392699
value,33.8768,2.12057,0.176714,0.15708,0.0392699
value,203.261,2.12057,0.215984,0.15708,0.0392699
value,135.507,2.12057,0.255254,0.15708,0.0392699
value,169.384,2.12057,0.294524,0.15708,0.0392699
value,135.507,2.12057,0.333794,0.15708,0.0392699
value,271.014,2.12057,0.373064,0.15708,0.0392699
value,169.384,2.12057,0.412334,0.15708,0.0392699
value,169.384,2.12057,0.451604,0.15708,0.0392699
value,372.644,2.12057,0.490873,0.15708,0.0392699
value,677.535,2.12057,0.530143,0.15708,0.0392699
value,338.768,2.12057,0.569413,0.15708,0.0392699
value,271.014,2.12057,0.608683,0.15708,0.0392699
value,372.644,2.12057,0.647953,0.15708,0.0392699
value,474.275,2.12057,0.687223,0.15708,0.0392699
value,609.782,2.12057,0.726493,0.15708,0.0392699
value,508.152,2.12057,0.765763,0.15708,0.0392699
value,406.521,2.12057,0.805032,0.15708,0.0392699
value,406.521,2.12057,0.844302,0.15708,0.0392699
value,508.152,2.12057,0.883572,0.15708,0.0392699
value,575.905,2.12057,0.922842,0.15708,0.0392699
value,406.521,2.12057,0.962112,0.15708,0.0392699
value,440.398,2.12057,1.00138,0.15708,0.0392699
value,304.891,2.12057,1.04065,0.15708,0.0392699
value,542.028,2.12057,1.07992,0.15708,0.0392699
value,135.507,2.12057,1.11919,0.15708,0.0392699
value,203.261,2.12057,1.15846,0.15708,0.0392699
value,33.8768,2.12057,1.19773,0.15708,0.0392699
value,33.8768,2.12057,1.237,0.15708,0.0392699
value,0,2.12057,1.27627,0.15708,0.0392699
value,33.8768,2.12057,1.31554,0.15708,0.0392699
value,0,2.12057,1.35481,0.15708,0.0392699
value,0,2.12057,1.39408,0.15708,0.0392699
value,0,2.12057,1.43335,0.15708,0.0392699
value,0,2.12057,1.47262,0.15708,0.0392699
value,0,2.12057,1.51189,0.15708,0.0392699
value,0,2.12057,1.55116,0.15708,0.0392699
value,33.8768,2.27765,0.0196349,0.15708,0.0392699
value,67.7535,2.27765,0.0589048,0.15708,0.0392699
value,33.8768,2.27765,0.0981747,0.15708,0.0392699
value,67.7535,2.27765,0.137445,0.15708,0.0392699
value,33.8768,2.27765,0.176714,0.15708,0.0392699
value,67.7535,2.27765,0.215984,0.15708,0.0392699
value,203.261,2.27765,0.255254,0.15708,0.0392699
value,237.137,2.27765,0.294524,0.15708,0.0392699
value,169.384,2.27765,0.333794,0.15708,0.0392699
value,203.261,2.27765,0.373064,0.15708,0.0392699
value,372.644,2.27765,0.412334,0.15708,0.0392699
value,304.891,2.27765,0.451604,0.15708,0.0392699
value,474.275,2.27765,0.490873,0.15708,0.0392699
value,440.398,2.27765,0.530143,0.15708,0.0392699
value,542.028,2.27765,0.569413,0.15708,0.0392699
value,440.398,2.27765,0.608683,0.15708,0.0392699
value,474.275,2.27765,0.647953,0.15708,0.0392699
value,203.261,2.27765,0.687223,0.15708,0.0392699
value,575.905,2.27765,0.726493,0.15708,0.0392699
value,575.905,2.27765,0.765763,0.15708,0.0392699
value,643.659,2.27765,0.805032,0.15708,0.0392699
value,508.152,2.27765,0.844302,0.15708,0.0392699
value,440.398,2.27765,0.883572,0.15708,0.0392699
value,508.152,2.27765,0.922842,0.15708,0.0392699
value,338.768,2.27765,0.962112,0.15708,0.0392699
value,474.275,2.27765,1.00138,0.15708,0.0392699
value,372.644,2.27765,1.04065,0.15708,0.0392699
value,474.275,2.27765,1.07992,0.15708,0.0392699
value,440.398,2.27765,1.11919,0.15708,0.0392699
value,135.507,2.27765,1.15846,0.15708,0.0392699
value,101.63,2.27765,1.19773,0.15708,0.0392699
value,135.507,2.27765,1.237,0.15708,0.0392699
value,0,2.27765,1.27627,0.15708,0.0392699
value,33.8768,2.27765,1.31554,0.15708,0.0392699
value,67.7535,2.27765,1.35481,0.15708,0.0392699
value,33.8768,2.27765,1.39408,0.15708,0.0392699
value,0,2.27765,1.43335,0.15708,0.0392699
value,0,2.27765,1.47262,0.15708,0.0392699
value,0,2.27765,1.51189,0.15708,0.0392699
value,0,2.27765,1.55116,0.15708,0.0392699
value,0,2.43473,0.0196349,0.15708,0.0392699
value,33.8768,2.43473,0.0589048,0.15708,0.0392699
value,0,2.43473,0.0981747,0.15708,0.0392699
value,101.63,2.43473,0.137445,0.15708,0.0392699
value,67.7535,2.43473,0.176714,0.15708,0.0392699
value,169.384,2.43473,0.215984,0.15708,0.0392699
value,67.7535,2.43473,0.255254,0.15708,0.0392699
value,169.384,2.43473,0.294524,0.15708,0.0392699
value,271.014,2.43473,0.333794,0.15708,0.0392699
value,67.7535,2.43473,0.373064,0.15708,0.0392699
value,338.768,2.43473,0.412334,0.15708,0.0392699
value,372.644,2.43473,0.451604,0.15708,0.0392699
value,508.152,2.43473,0.490873,0.15708,0.0392699
value,677.535,2.43473,0.530143,0.15708,0.0392699
value,440.398,2.43473,0.569413,0.15708,0.0392699
value,372.644,2.43473,0.608683,0.15708,0.0392699
value,440.398,2.43473,0.647953,0.15708,0.0392699
value,542.028,2.43473,0.687223,0.15708,0.0392699
value,609.782,2.43473,0.726493,0.15708,0.0392699
value,575.905,2.43473,0.765763,0.15708,0.0392699
value,440.398,2.43473,0.805032,0.15708,0.0392699
value,575.905,2.43473,0.844302,0.15708,0.0392699
value,711.412,2.43473,0.883572,0.15708,0.0392699
value,474.275,2.43473,0.922842,0.15708,0.0392699
value,338.768,2.43473,0.962112,0.15708,0.0392699
value,474.275,2.43473,1.00138,0.15708,0.0392699
value,338.768,2.43473,1.04065,0.15708,0.0392699
value,542.028,2.43473,1.07992,0.15708,0.0392699
value,372.644,2.43473,1.11919,0.15708,0.0392699
value,237.137,2.43473,1.15846,0.15708,0.0392699
value,135.507,2.43473,1.19773,0.15708,0.0392699
value,33.8768,2.43473,1.237,0.15708,0.0392699
value,0,2.43473,1.27627,0.15708,0.0392699
value,33.8768,2.43473,1.31554,0.15708,0.0392699
value,0,2.43473,1.35481,0.15708,0.0392699
value,0,2.43473,1.39408,0.15708,0.0392699
value,0,2.43473,1.43335,0.15708,0.0392699
value,0,2.43473,1.47262,0.15708,0.0392699
value,0,2.43473,1.51189,0.15708,0.0392699
value,0,2.43473,1.55116,0.15708,0.0392699
value,0,2.59181,0.0196349,0.15708,0.0392699
value,0,2.59181,0.0589048,0.15708,0.0392699
value,0,2.59181,0.0981747,0.15708,0.0392699
value,0,2.59181,0.137445,0.15708,0.0392699
value,101.63,2.59181,0.176714,0.15708,0.0392699
value,67.7535,2.59181,0.215984,0.15708,0.0392699
value,33.8768,2.59181,0.255254,0.15708,0.0392699
value,101.63,2.59181,0.294524,0.15708,0.0392699
value,67.7535,2.59181,0.333794,0.15708,0.0392699
value,237.137,2.59181,0.373064,0.15708,0.0392699
value,304.891,2.59181,0.412334,0.15708,0.0392699
value,169.384,2.59181,0.451604,0.15708,0.0392699
value,304.891,2.59181,0.490873,0.15708,0.0392699
value,372.644,2.59181,0.530143,0.15708,0.0392699
value,237.137,2.59181,0.569413,0.15708,0.0392699
value,304.891,2.59181,0.608683,0.15708,0.0392699
value,406.521,2.59181,0.647953,0.15708,0.0392699
value,677.535,2.59181,0.687223,0.15708,0.0392699
value,440.398,2.59181,0.726493,0.15708,0.0392699
value,271.014,2.59181,0.765763,0.15708,0.0392699
value,440.398,2.59181,0.805032,0.15708,0.0392699
value,406.521,2.59181,0.844302,0.15708,0.0392699
value,542.028,2.59181,0.883572,0.15708,0.0392699
value,575.905,2.59181,0.922842,0.15708,0.0392699
value,643.659,2.59181,0.962112,0.15708,0.0392699
value,304.891,2.59181,1.00138,0.15708,0.0392699
value,406.521,2.59181,1.04065,0.15708,0.0392699
value,406.521,2.59181,1.07992,0.15708,0.0392699
value,304.891,2.59181,1.11919,0.15708,0.0392699
value,237.137,2.59181,1.15846,0.15708,0.0392699
value,135.507,2.59181,1.19773,0.15708,0.0392699
value,33.8768,2.59181,1.237,0.15708,0.0392699
value,67.7535,2.59181,1.27627,0.15708,0.0392699
value,0,2.59181,1.31554,0.15708,0.0392699
value,0,2.59181,1.35481,0.15708,0.0392699
value,0,2.59181,1.39408,0.15708,0.0392699
value,33.8768,2.59181,1.43335,0.15708,0.0392699
value,33.8768,2.59181,1.47262,0.15708,0.0392699
value,0,2.59181,1.51189,0.15708,0.0392699
value,0,2.59181,1.55116,0.15708,0.0392699
value,0,2.74889,0.0196349,0.15708,0.0392699
value,0,2.74889,0.0589048,0.15708,0.0392699
value,67.7535,2.74889,0.0981747,0.15708,0.0392699
value,33.8768,2.74889,0.137445,0.15708,0.0392699
value,67.7535,2.74889,0.176714,0.15708,0.0392699
value,135.507,2.74889,0.215984,0.15708,0.0392699
value,101.63,2.74889,0.255254,0.15708,0.0392699
value,101.63,2.74889,0.294524,0.15708,0.0392699
value,203.261,2.74889,0.333794,0.15708,0.0392699
value,203.261,2.74889,0.373064,0.15708,0.0392699
value,304.891,2.74889,0.412334,0.15708,0.0392699
value,474.275,2.74889,0.451604,0.15708,0.0392699
value,474.275,2.74889,0.490873,0.15708,0.0392699
value,304.891,2.74889,0.530143,0.15708,0.0392699
value,575.905,2.74889,0.569413,0.15708,0.0392699
value,406.521,2.74889,0.608683,0.15708,0.0392699
value,406.521,2.74889,0.647953,0.15708,0.0392699
value,440.398,2.74889,0.687223,0.15708,0.0392699
value,440.398,2.74889,0.726493,0.15708,0.0392699
value,575.905,2.74889,0.765763,0.15708,0.0392699
value,542.028,2.74889,0.805032,0.15708,0.0392699
value,542.028,2.74889,0.844302,0.15708,0.0392699
value,474.275,2.74889,0.883572,0.15708,0.0392699
value,643.659,2.74889,0.922842,0.15708,0.0392699
value,575.905,2.74889,0.962112,0.15708,0.0392699
value,643.659,2.74889,1.00138,0.15708,0.0392699
value,677.535,2.74889,1.04065,0.15708,0.0392699
value,338.768,2.74889,1.07992,0.15708,0.0392699
value,575.905,2.74889,1.11919,0.15708,0.0392699
value,338.768,2.74889,1.15846,0.15708,0.0392699
value,304.891,2.74889,1.19773,0.15708,0.0392699
value,67.7535,2.74889,1.237,0.15708,0.0392699
value,101.63,2.74889,1.27627,0.15708,0.0392699
value,0,2.74889,1.31554,0.15708,0.0392699
value,0,2.74889,1.35481,0.15708,0.0392699
value,0,2.74889,1.39408,0.15708,0.0392699
value,0,2.74889,1.43335,0.15708,0.0392699
value,0,2.74889,1.47262,0.15708,0.0392699
value,0,2.74889,1.51189,0.15708,0.0392699
value,0,2.74889,1.55116,0.15708,0.0392699
value,0,2.90597,0.0196349,0.15708,0.0392699
value,0,2.90597,0.0589048,0.15708,0.0392699
value,33.8768,2.90597,0.0981747,0.15708,0.0392699
value,33.8768,2.90597,0.137445,0.15708,0.0392699
value,67.7535,2.90597,0.176714,0.15708,0.0392699
value,33.8768,2.90597,0.215984,0.15708,0.0392699
value,101.63,2.90597,0.255254,0.15708,0.0392699
value,169.384,2.90597,0.294524,0.15708,0.0392699
value,169.384,2.90597,0.333794,0.15708,0.0392699
value,304.891,2.90597,0.373064,0.15708,0.0392699
value,237.137,2.90597,0.412334,0.15708,0.0392699
value,203.261,2.90597,0.451604,0.15708,0.0392699
value,338.768,2.90597,0.490873,0.15708,0.0392699
value,271.014,2.90597,0.530143,0.15708,0.0392699
value,508.152,2.90597,0.569413,0.15708,0.0392699
value,474.275,2.90597,0.608683,0.15708,0.0392699
value,406.521,2.90597,0.647953,0.15708,0.0392699
value,542.028,2.90597,0.687223,0.15708,0.0392699
value,440.398,2.90597,0.726493,0.15708,0.0392699
value,508.152,2.90597,0.765763,0.15708,0.0392699
value,508.152,2.90597,0.805032,0.15708,0.0392699
value,440.398,2.90597,0.844302,0.15708,0.0392699
value,542.028,2.90597,0.883572,0.15708,0.0392699
value,609.782,2.90597,0.922842,0.15708,0.0392699
value,508.152,2.90597,0.962112,0.15708,0.0392699
value,677.535,2.90597,1.00138,0.15708,0.0392699
value,643.659,2.90597,1.04065,0.15708,0.0392699
value,406.521,2.90597,1.07992,0.15708,0.0392699
value,575.905,2.90597,1.11919,0.15708,0.0392699
value,271.014,2.90597,1.15846,0.15708,0.0392699
value,338.768,2.90597,1.19773,0.15708,0.0392699
value,338.768,2.90597,1.237,0.15708,0.0392699
value,67.7535,2.90597,1.27627,0.15708,0.0392699
value,67.7535,2.90597,1.31554,0.15708,0.0392699
value,33.8768,2.90597,1.35481,0.15708,0.0392699
value,0,2.90597,1.39408,0.15708,0.0392699
value,0,2.90597,1.43335,0.15708,0.0392699
value,0,2.90597,1.47262,0.15708,0.0392699
value,0,2.90597,1.51189,0.15708,0.0392699
value,0,2.90597,1.55116,0.15708,0.0392699
value,0,3.06305,0.0196349,0.15708,0.0392699
value,0,3.06305,0.0589048,0.15708,0.0392699
value,0,3.06305,0.0981747,0.15708,0.0392699
value,33.8768,3.06305,0.137445,0.15708,0.0392699
value,67.7535,3.06305,0.176714,0.15708,0.0392699
value,67.7535,3.06305,0.215984,0.15708,0.0392699
value,101.63,3.06305,0.255254,0.15708,0.0392699
value,237.137,3.06305,0.294524,0.15708,0.0392699
value,203.261,3.06305,0.333794,0.15708,0.0392699
value,101.63,3.06305,0.373064,0.15708,0.0392699
value,203.261,3.06305,0.412334,0.15708,0.0392699
value,67.7535,3.06305,0.451604,0.15708,0.0392699
value,271.014,3.06305,0.490873,0.15708,0.0392699
value,304.891,3.06305,0.530143,0.15708,0.0392699
value,169.384,3.06305,0.569413,0.15708,0.0392699
value,237.137,3.06305,0.608683,0.15708,0.0392699
value,643.659,3.06305,0.647953,0.15708,0.0392699
value,575.905,3.06305,0.687223,0.15708,0.0392699
value,237.137,3.06305,0.726493,0.15708,0.0392699
value,440.398,3.06305,0.765763,0.15708,0.0392699
value,711.412,3.06305,0.805032,0.15708,0.0392699
value,846.919,3.06305,0.844302,0.15708,0.0392699
value,474.275,3.06305,0.883572,0.15708,0.0392699
value,542.028,3.06305,0.922842,0.15708,0.0392699
value,237.137,3.06305,0.962112,0.15708,0.0392699
value,779.166,3.06305,1.00138,0.15708,0.0392699
value,474.275,3.06305,1.04065,0.15708,0.0392699
value,338.768,3.06305,1.07992,0.15708,0.0392699
value,406.521,3.06305,1.11919,0.15708,0.0392699
value,304.891,3.06305,1.15846,0.15708,0.0392699
value,271.014,3.06305,1.19773,0.15708,0.0392699
value,372.644,3.06305,1.237,0.15708,0.0392699
value,237.137,3.06305,1.27627,0.15708,0.0392699
value,101.63,3.06305,1.31554,0.15708,0.0392699
value,33.8768,3.06305,1.35481,0.15708,0.0392699
value,67.7535,3.06305,1.39408,0.15708,0.0392699
value,33.8768,3.06305,1.43335,0.15708,0.0392699
value,0,3.06305,1.47262,0.15708,0.0392699
value,0,3.06305,1.51189,0.15708,0.0392699
value,0,3.06305,1.55116,0.15708,0.0392699
value,0,3.22013,0.0196349,0.15708,0.0392699
value,67.7535,3.22013,0.0589048,0.15708,0.0392699
value,67.7535,3.22013,0.0981747,0.15708,0.0392699
value,0,3.22013,0.137445,0.15708,0.0392699
value,135.507,3.22013,0.176714,0.15708,0.0392699
value,203.261,3.22013,0.215984,0.15708,0.0392699
value,0,3.22013,0.255254,0.15708,0.0392699
value,203.261,3.22013,0.294524,0.15708,0.0392699
value,135.507,3.22013,0.333794,0.15708,0.0392699
value,271.014,3.22013,0.373064,0.15708,0.0392699
value,203.261,3.22013,0.412334,0.15708,0.0392699
value,67.7535,3.22013,0.451604,0.15708,0.0392699
value,338.768,3.22013,0.490873,0.15708,0.0392699
value,169.384,3.22013,0.530143,0.15708,0.0392699
value,338.768,3.22013,0.569413,0.15708,0.0392699
value,203.261,3.22013,0.608683,0.15708,0.0392699
value,338.768,3.22013,0.647953,0.15708,0.0392699
value,271.014,3.22013,0.687223,0.15708,0.0392699
value,169.384,3.22013,0.726493,0.15708,0.0392699
value,372.644,3.22013,0.765763,0.15708,0.0392699
value,101.63,3.22013,0.805032,0.15708,0.0392699
value,304.891,3.22013,0.844302,0.15708,0.0392699
value,372.644,3.22013,0.883572,0.15708,0.0392699
value,237.137,3.22013,0.922842,0.15708,0.0392699
value,304.891,3.22013,0.962112,0.15708,0.0392699
value,406.521,3.22013,1.00138,0.15708,0.0392699
value,304.891,3.22013,1.04065,0.15708,0.0392699
value,203.261,3.22013,1.07992,0.15708,0.0392699
value,372.644,3.22013,1.11919,0.15708,0.0392699
value,203.261,3.22013,1.15846,0.15708,0.0392699
value,338.768,3.22013,1.19773,0.15708,0.0392699
value,0,3.22013,1.237,0.15708,0.0392699
value,203.261,3.22013,1.27627,0.15708,0.0392699
value,135.507,3.22013,1.31554,0.15708,0.0392699
value,101.63,3.22013,1.35481,0.15708,0.0392699
value,0,3.22013,1.39408,0.15708,0.0392699
value,0,3.22013,1.43335,0.15708,0.0392699
value,0,3.22013,1.47262,0.15708,0.0392699
value,0,3.22013,1.51189,0.15708,0.0392699
value,0,3.22013,1.55116,0.15708,0.0392699
value,33.8768,3.37721,0.0196349,0.15708,0.0392699
value,0,3.37721,0.0589048,0.15708,0.0392699
value,67.7535,3.37721,0.0981747,0.15708,0.0392699
value,33.8768,3.37721,0.137445,0.15708,0.0392699
value,33.8768,3.37721,0.176714,0.15708,0.0392699
value,0,3.37721,0.215984,0.15708,0.0392699
value,67.7535,3.37721,0.255254,0.15708,0.0392699
value,67.7535,3.37721,0.294524,0.15708,0.0392699
value,101.63,3.37721,0.333794,0.15708,0.0392699
value,135.507,3.37721,0.373064,0.15708,0.0392699
value,203.261,3.37721,0.412334,0.15708,0.0392699
value,135.507,3.37721,0.451604,0.15708,0.0392699
value,304.891,3.37721,0.490873,0.15708,0.0392699
value,169.384,3.37721,0.530143,0.15708,0.0392699
value,237.137,3.37721,0.569413,0.15708,0.0392699
value,203.261,3.37721,0.608683,0.15708,0.0392699
value,169.384,3.37721,0.647953,0.15708,0.0392699
value,169.384,3.37721,0.687223,0.15708,0.0392699
value,304.891,3.37721,0.726493,0.15708,0.0392699
value,372.644,3.37721,0.765763,0.15708,0.0392699
value,237.137,3.37721,0.805032,0.15708,0.0392699
value,271.014,3.37721,0.844302,0.15708,0.0392699
value,271.014,3.37721,0.883572,0.15708,0.0392699
value,271.014,3.37721,0.922842,0.15708,0.0392699
value,135.507,3.37721,0.962112,0.15708,0.0392699
value,203.261,3.37721,1.00138,0.15708,0.0392699
value,271.014,3.37721,1.04065,0.15708,0.0392699
value,101.63,3.37721,1.07992,0.15708,0.0392699
value,203.261,3.37721,1.11919,0.15708,0.0392699
value,135.507,3.37721,1.15846,0.15708,0.0392699
value,135.507,3.37721,1.19773,0.15708,0.0392699
value,169.384,3.37721,1.237,0.15708,0.0392699
value,237.137,3.37721,1.27627,0.15708,0.0392699
value,67.7535,3.37721,1.31554,0.15708,0.0392699
value,0,3.37721,1.35481,0.15708,0.0392699
value,0,3.37721,1.39408,0.15708,0.0392699
value,0,3.37721,1.43335,0.15708,0.0392699
value,0,3.37721,1.47262,0.15708,0.0392699
value,0,3.37721,1.51189,0.15708,0.0392699
value,0,3.37721,1.55116,0.15708,0.0392699
value,0,3.53429,0.0196349,0.15708,0.0392699
value,33.8768,3.53429,0.0589048,0.15708,0.0392699
value,33.8768,3.53429,0.0981747,0.15708,0.0392699
value,33.8768,3.53429,0.137445,0.15708,0.0392699
value,33.8768,3.53429,0.176714,0.15708,0.0392699
value,0,3.53429,0.215984,0.15708,0.0392699
value,33.8768,3.53429,0.255254,0.15708,0.0392699
value,101.63,3.53429,0.294524,0.15708,0.0392699
value,33.8768,3.53429,0.333794,0.15708,0.0392699
value,33.8768,3.53429,0.373064,0.15708,0.0392699
value,33.8768,3.53429,0.412334,0.15708,0.0392699
value,33.8768,3.53429,0.451604,0.15708,0.0392699
value,101.63,3.53429,0.490873,0.15708,0.0392699
value,101.63,3.53429,0.530143,0.15708,0.0392699
value,203.261,3.53429,0.569413,0.15708,0.0392699
value,101.63,3.53429,0.608683,0.15708,0.0392699
value,304.891,3.53429,0.647953,0.15708,0.0392699
value,135.507,3.53429,0.687223,0.15708,0.0392699
value,169.384,3.53429,0.726493,0.15708,0.0392699
value,169.384,3.53429,0.765763,0.15708,0.0392699
value,169.384,3.53429,0.805032,0.15708,0.0392699
value,304.891,3.53429,0.844302,0.15708,0.0392699
value,101.63,3.53429,0.883572,0.15708,0.0392699
value,169.384,3.53429,0.922842,0.15708,0.0392699
value,135.507,3.53429,0.962112,0.15708,0.0392699
value,203.261,3.53429,1.00138,0.15708,0.0392699
value,237.137,3.53429,1.04065,0.15708,0.0392699
value,169.384,3.53429,1.07992,0.15708,0.0392699
value,135.507,3.53429,1.11919,0.15708,0.0392699
value,101.63,3.53429,1.15846,0.15708,0.0392699
value,101.63,3.53429,1.19773,0.15708,0.0392699
value,101.63,3.53429,1.237,0.15708,0.0392699
value,33.8768,3.53429,1.27627,0.15708,0.0392699
value,33.8768,3.53429,1.31554,0.15708,0.0392699
value,0,3.53429,1.35481,0.15708,0.0392699
value,0,3.53429,1.39408,0.15708,0.0392699
value,0,3.53429,1.43335,0.15708,0.0392699
value,0,3.53429,1.47262,0.15708,0.0392699
value,0,3.53429,1.51189,0.15708,0.0392699
value,0,3.53429,1.55116,0.15708,0.0392699
value,0,3.69137,0.0196349,0.15708,0.0392699
value,67.7535,3.69137,0.0589048,0.15708,0.0392699
value,33.8768,3.69137,0.0981747,0.15708,0.0392699
value,0,3.69137,0.137445,0.15708,0.0392699
value,33.8768,3.69137,0.176714,0.15708,0.0392699
value,101.63,3.69137,0.215984,0.15708,0.0392699
value,135.507,3.69137,0.255254,0.15708,0.0392699
value,67.7535,3.69137,0.294524,0.15708,0.0392699
value,67.7535,3.69137,0.333794,0.15708,0.0392699
value,33.8768,3.69137,0.373064,0.15708,0.0392699
value,203.261,3.69137,0.412334,0.15708,0.0392699
value,135.507,3.69137,0.451604,0.15708,0.0392699
value,135.507,3.69137,0.490873,0.15708,0.0392699
value,67.7535,3.69137,0.530143,0.15708,0.0392699
value,67.7535,3.69137,0.569413,0.15708,0.0392699
value,169.384,3.69137,0.608683,0.15708,0.0392699
value,203.261,3.69137,0.647953,0.15708,0.0392699
value,135.507,3.69137,0.687223,0.15708,0.0392699
value,67.7535,3.69137,0.726493,0.15708,0.0392699
value,135.507,3.69137,0.765763,0.15708,0.0392699
value,203.261,3.69137,0.805032,0.15708,0.0392699
value,135.507,3.69137,0.844302,0.15708,0.0392699
value,0,3.69137,0.883572,0.15708,0.0392699
value,203.261,3.69137,0.922842,0.15708,0.0392699
value,135.507,3.69137,0.962112,0.15708,0.0392699
value,135.507,3.69137,1.00138,0.15708,0.0392699
value,169.384,3.69137,1.04065,0.15708,0.0392699
value,67.7535,3.69137,1.07992,0.15708,0.0392699
value,101.63,3.69137,1.11919,0.15708,0.0392699
value,67.7535,3.69137,1.15846,0.15708,0.0392699
value,33.8768,3.69137,1.19773,0.15708,0.0392699
value,33.8768,3.69137,1.237,0.15708,0.0392699
value,33.8768,3.69137,1.27627,0.15708,0.0392699
value,33.8768,3.69137,1.31554,0.15708,0.0392699
value,33.8768,3.69137,1.35481,0.15708,0.0392699
value,33.8768,3.69137,1.39408,0.15708,0.0392699
value,0,3.69137,1.43335,0.15708,0.0392699
value,0,3.69137,1.47262,0.15708,0.0392699
value,0,3.69137,1.51189,0.15708,0.0392699
value,0,3.69137,1.55116,0.15708,0.0392699
value,0,3.84845,0.0196349,0.15708,0.0392699
value,33.8768,3.84845,0.0589048,0.15708,0.0392699
value,0,3.84845,0.0981747,0.15708,0.0392699
value,33.8768,3.84845,0.137445,0.15708,0.0392699
value,33.8768,3.84845,0.176714,0.15708,0.0392699
value,203.261,3.84845,0.215984,0.15708,0.0392699
value,101.63,3.84845,0.255254,0.15708,0.0392699
value,101.63,3.84845,0.294524,0.15708,0.0392699
value,0,3.84845,0.333794,0.15708,0.0392699
value,33.8768,3.84845,0.373064,0.15708,0.0392699
value,101.63,3.84845,0.412334,0.15708,0.0392699
value,237.137,3.84845,0.451604,0.15708,0.0392699
value,67.7535,3.84845,0.490873,0.15708,0.0392699
value,67.7535,3.84845,0.530143,0.15708,0.0392699
value,101.63,3.84845,0.569413,0.15708,0.0392699
value,169.384,3.84845,0.608683,0.15708,0.0392699
value,135.507,3.84845,0.647953,0.15708,0.0392699
value,67.7535,3.84845,0.687223,0.15708,0.0392699
value,203.261,3.84845,0.726493,0.15708,0.0392699
value,67.7535,3.84845,0.765763,0.15708,0.0392699
value,135.507,3.84845,0.805032,0.15708,0.0392699
value,101.63,3.84845,0.844302,0.15708,0.0392699
value,101.63,3.84845,0.883572,0.15708,0.0392699
value,169.384,3.84845,0.922842,0.15708,0.0392699
value,169.384,3.84845,0.962112,0.15708,0.0392699
value,67.7535,3.84845,1.00138,0.15708,0.0392699
value,67.7535,3.84845,1.04065,0.15708,0.0392699
value,101.63,3.84845,1.07992,0.15708,0.0392699
value,67.7535,3.84845,1.11919,0.15708,0.0392699
value,101.63,3.84845,1.15846,0.15708,0.0392699
value,33.8768,3.84845,1.19773,0.15708,0.0392699
value,67.7535,3.84845,1.237,0.15708,0.0392699
value,0,3.84845,1.27627,0.15708,0.0392699
value,0,3.84845,1.31554,0.15708,0.0392699
value,0,3.84845,1.35481,0.15708,0.0392699
value,0,3.84845,1.39408,0.15708,0.0392699
value,0,3.84845,1.43335,0.15708,0.0392699
value,0,3.84845,1.47262,0.15708,0.0392699
value,0,3.84845,1.51189,0.15708,0.0392699
value,0,3.84845,1.55116,0.15708,0.0392699
value,0,4.00553,0.0196349,0.15708,0.0392699
value,33.8768,4.00553,0.0589048,0.15708,0.0392699
value,0,4.00553,0.0981747,0.15708,0.0392699
value,33.8768,4.00553,0.137445,0.15708,0.0392699
value,67.7535,4.00553,0.176714,0.15708,0.0392699
value,0,4.00553,0.215984,0.15708,0.0392699
value,67.7535,4.00553,0.255254,0.15708,0.0392699
value,33.8768,4.00553,0.294524,0.15708,0.0392699
value,135.507,4.00553,0.333794,0.15708,0.0392699
value,169.384,4.00553,0.373064,0.15708,0.0392699
value,33.8768,4.00553,0.412334,0.15708,0.0392699
value,101.63,4.00553,0.451604,0.15708,0.0392699
value,101.63,4.00553,0.490873,0.15708,0.0392699
value,67.7535,4.00553,0.530143,0.15708,0.0392699
value,101.63,4.00553,0.569413,0.15708,0.0392699
value,33.8768,4.00553,0.608683,0.15708,0.0392699
value,101.63,4.00553,0.647953,0.15708,0.0392699
value,203.261,4.00553,0.687223,0.15708,0.0392699
value,33.8768,4.00553,0.726493,0.15708,0.0392699
value,101.63,4.00553,0.765763,0.15708,0.0392699
value,169.384,4.00553,0.805032,0.15708,0.0392699
value,135.507,4.00553,0.844302,0.15708,0.0392699
value,101.63,4.00553,0.883572,0.15708,0.0392699
value,33.8768,4.00553,0.922842,0.15708,0.0392699
value,0,4.00553,0.962112,0.15708,0.0392699
value,0,4.00553,1.00138,0.15708,0.0392699
value,33.8768,4.00553,1.04065,0.15708,0.0392699
value,169.384,4.00553,1.07992,0.15708,0.0392699
value,33.8768,4.00553,1.11919,0.15708,0.0392699
value,0,4.00553,1.15846,0.15708,0.0392699
value,0,4.00553,1.19773,0.15708,0.0392699
value,0,4.00553,1.237,0.15708,0.0392699
value,0,4.00553,1.27627,0.15708,0.0392699
value,0,4.00553,1.31554,0.15708,0.0392699
value,0,4.00553,1.35481,0.15708,0.0392699
value,0,4.00553,1.39408,0.15708,0.0392699
value,0,4.00553,1.43335,0.15708,0.0392699
value,0,4.00553,1.47262,0.15708,0.0392699
value,0,4.00553,1.51189,0.15708,0.0392699
value,0,4.00553,1.55116,0.15708,0.0392699
value,0,4.16261,0.0196349,0.15708,0.0392699
value,33.8768,4.16261,0.0589048,0.15708,0.0392699
value,0,4.16261,0.0981747,0.15708,0.0392699
value,67.7535,4.16261,0.137445,0.15708,0.0392699
value,67.7535,4.16261,0.176714,0.15708,0.0392699
value,135.507,4.16261,0.215984,0.15708,0.0392699
value,67.7535,4.16261,0.255254,0.15708,0.0392699
value,135.507,4.16261,0.294524,0.15708,0.0392699
value,67.7535,4.16261,0.333794,0.15708,0.0392699
value,67.7535,4.16261,0.373064,0.15708,0.0392699
value,101.63,4.16261,0.412334,0.15708,0.0392699
value,67.7535,4.16261,0.451604,0.15708,0.0392699
value,33.8768,4.16261,0.490873,0.15708,0.0392699
value,101.63,4.16261,0.530143,0.15708,0.0392699
value,101.63,4.16261,0.569413,0.15708,0.0392699
value,33.8768,4.16261,0.608683,0.15708,0.0392699
value,101.63,4.16261,0.647953,0.15708,0.0392699
value,33.8768,4.16261,0.687223,0.15708,0.0392699
value,0,4.16261,0.726493,0.15708,0.0392699
value,33.8768,4.16261,0.765763,0.15708,0.0392699
value,101.63,4.16261,0.805032,0.15708,0.0392699
value,0,4.16261,0.844302,0.15708,0.0392699
value,33.8768,4.16261,0.883572,0.15708,0.0392699
value,135.507,4.16261,0.922842,0.15708,0.0392699
value,33.8768,4.16261,0.962112,0.15708,0.0392699
value,101.63,4.16261,1.00138,0.15708,0.0392699
value,33.8768,4.16261,1.04065,0.15708,0.0392699
value,0,4.16261,1.07992,0.15708,0.0392699
value,0,4.16261,1.11919,0.15708,0.0392699
value,67.7535,4.16261,1.15846,0.15708,0.0392699
value,0,4.16261,1.19773,0.15708,0.0392699
value,0,4.16261,1.237,0.15708,0.0392699
value,0,4.16261,1.27627,0.15708,0.0392699
value,0,4.16261,1.31554,0.15708,0.0392699
value,0,4.16261,1.35481,0.15708,0.0392699
value,0,4.16261,1.39408,0.15708,0.0392699
value,0,4.16261,1.43335,0.15708,0.0392699
value,0,4.16261,1.47262,0.15708,0.0392699
value,0,4.16261,1.51189,0.15708,0.0392699
value,0,4.16261,1.55116,0.15708,0.0392699
value,67.7535,4.31969,0.0196349,0.15708,0.0392699
value,0,4.31969,0.0589048,0.15708,0.0392699
value,33.8768,4.31969,0.0981747,0.15708,0.0392699
value,33.8768,4.31969,0.137445,0.15708,0.0392699
value,101.63,4.31969,0.176714,0.15708,0.0392699
value,33.8768,4.31969,0.215984,0.15708,0.0392699
value,33.8768,4.31969,0.255254,0.15708,0.0392699
value,135.507,4.31969,0.294524,0.15708,0.0392699
value,33.8768,4.31969,0.333794,0.15708,0.0392699
value,135.507,4.31969,0.373064,0.15708,0.0392699
value,101.63,4.31969,0.412334,0.15708,0.0392699
value,135.507,4.31969,0.451604,0.15708,0.0392699
value,101.63,4.31969,0.490873,0.15708,0.0392699
value,101.63,4.31969,0.530143,0.15708,0.0392699
value,67.7535,4.31969,0.569413,0.15708,0.0392699
value,101.63,4.31969,0.608683,0.15708,0.0392699
value,101.63,4.31969,0.647953,0.15708,0.0392699
value,101.63,4.31969,0.687223,0.15708,0.0392699
value,0,4.31969,0.726493,0.15708,0.0392699
value,101.63,4.31969,0.765763,0.15708,0.0392699
value,101.63,4.31969,0.805032,0.15708,0.0392699
value,33.8768,4.31969,0.844302,0.15708,0.0392699
value,33.8768,4.31969,0.883572,0.15708,0.0392699
value,0,4.31969,0.922842,0.15708,0.0392699
value,0,4.31969,0.962112,0.15708,0.0392699
value,135.507,4.31969,1.00138,0.15708,0.0392699
value,67.7535,4.31969,1.04065,0.15708,0.0392699
value,33.8768,4.31969,1.07992,0.15708,0.0392699
value,0,4.31969,1.11919,0.15708,0.0392699
value,0,4.31969,1.15846,0.15708,0.0392699
value,0,4.31969,1.19773,0.15708,0.0392699
value,0,4.31969,1.237,0.15708,0.0392699
value,0,4.31969,1.27627,0.15708,0.0392699
value,0,4.31969,1.31554,0.15708,0.0392699
value,0,4.31969,1.35481,0.15708,0.0392699
value,0,4.31969,1.39408,0.15708,0.0392699
value,0,4.31969,1.43335,0.15708,0.0392699
value,0,4.31969,1.47262,0.15708,0.0392699
value,0,4.31969,1.51189,0.15708,0.0392699
value,0,4.31969,1.55116,0.15708,0.0392699
value,0,4.47677,0.0196349,0.15708,0.0392699
value,33.8768,4.47677,0.0589048,0.15708,0.0392699
value,33.8768,4.47677,0.0981747,0.15708,0.0392699
value,0,4.47677,0.137445,0.15708,0.0392699
value,67.7535,4.47677,0.176714,0.15708,0.0392699
value,0,4.47677,0.215984,0.15708,0.0392699
value,67.7535,4.47677,0.255254,0.15708,0.0392699
value,0,4.47677,0.294524,0.15708,0.0392699
value,169.384,4.47677,0.333794,0.15708,0.0392699
value,33.8768,4.47677,0.373064,0.15708,0.0392699
value,67.7535,4.47677,0.412334,0.15708,0.0392699
value,67.7535,4.47677,0.451604,0.15708,0.0392699
value,33.8768,4.47677,0.490873,0.15708,0.0392699
value,101.63,4.47677,0.530143,0.15708,0.0392699
value,0,4.47677,0.569413,0.15708,0.0392699
value,135.507,4.47677,0.608683,0.15708,0.0392699
value,169.384,4.47677,0.647953,0.15708,0.0392699
value,203.261,4.47677,0.687223,0.15708,0.0392699
value,33.8768,4.47677,0.726493,0.15708,0.0392699
value,135.507,4.47677,0.765763,0.15708,0.0392699
value,33.8768,4.47677,0.805032,0.15708,0.0392699
value,33.8768,4.47677,0.844302,0.15708,0.0392699
value,67.7535,4.47677,0.883572,0.15708,0.0392699
value,135.507,4.47677,0.922842,0.15708,0.0392699
value,67.7535,4.47677,0.962112,0.15708,0.0392699
value,101.63,4.47677,1.00138,0.15708,0.0392699
value,0,4.47677,1.04065,0.15708,0.0392699
value,33.8768,4.47677,1.07992,0.15708,0.0392699
value,135.507,4.47677,1.11919,0.15708,0.0392699
value,0,4.47677,1.15846,0.15708,0.0392699
value,33.8768,4.47677,1.19773,0.15708,0.0392699
value,67.7535,4.47677,1.237,0.15708,0.0392699
value,0,4.47677,1.27627,0.15708,0.0392699
value,0,4.47677,1.31554,0.15708,0.0392699
value,0,4.47677,1.35481,0.15708,0.0392699
value,0,4.47677,1.39408,0.15708,0.0392699
value,0,4.47677,1.43335,0.15708,0.0392699
value,0,4.47677,1.47262,0.15708,0.0392699
value,0,4.47677,1.51189,0.15708,0.0392699
value,0,4.47677,1.55116,0.15708,0.0392699
value,0,4.63385,0.0196349,0.15708,0.0392699
value,33.8768,4.63385,0.0589048,0.15708,0.0392699
value,33.8768,4.63385,0.0981747,0.15708,0.0392699
value,33.8768,4.63385,0.137445,0.15708,0.0392699
value,67.7535,4.63385,0.176714,0.15708,0.0392699
value,67.7535,4.63385,0.215984,0.15708,0.0392699
value,0,4.63385,0.255254,0.15708,0.0392699
value,101.63,4.63385,0.294524,0.15708,0.0392699
value,67.7535,4.63385,0.333794,0.15708,0.0392699
value,0,4.63385,0.373064,0.15708,0.0392699
value,33.8768,4.63385,0.412334,0.15708,0.0392699
value,135.507,4.63385,0.451604,0.15708,0.0392699
value,0,4.63385,0.490873,0.15708,0.0392699
value,169.384,4.63385,0.530143,0.15708,0.0392699
value,67.7535,4.63385,0.569413,0.15708,0.0392699
value,101.63,4.63385,0.608683,0.15708,0.0392699
value,67.7535,4.63385,0.647953,0.15708,0.0392699
value,33.8768,4.63385,0.687223,0.15708,0.0392699
value,135.507,4.63385,0.726493,0.15708,0.0392699
value,33.8768,4.63385,0.765763,0.15708,0.0392699
value,33.8768,4.63385,0.805032,0.15708,0.0392699
value,0,4.63385,0.844302,0.15708,0.0392699
value,0,4.63385,0.883572,0.15708,0.0392699
value,33.8768,4.63385,0.922842,0.15708,0.0392699
value,0,4.63385,0.962112,0.15708,0.0392699
value,0,4.63385,1.00138,0.15708,0.0392699
value,67.7535,4.63385,1.04065,0.15708,0.0392699
value,67.7535,4.63385,1.07992,0.15708,0.0392699
value,101.63,4.63385,1.11919,0.15708,0.0392699
value,0,4.63385,1.15846,0.15708,0.0392699
value,33.8768,4.63385,1.19773,0.15708,0.0392699
value,0,4.63385,1.237,0.15708,0.0392699
value,0,4.63385,1.27627,0.15708,0.0392699
value,0,4.63385,1.31554,0.15708,0.0392699
value,0,4.63385,1.35481,0.15708,0.0392699
value,0,4.63385,1.39408,0.15708,0.0392699
value,0,4.63385,1.43335,0.15708,0.0392699
value,0,4.63385,1.47262,0.15708,0.0392699
value,0,4.63385,1.51189,0.15708,0.0392699
value,0,4.63385,1.55116,0.15708,0.0392699
value,0,4.79092,0.0196349,0.15708,0.0392699
value,0,4.79092,0.0589048,0.15708,0.0392699
value,0,4.79092,0.0981747,0.15708,0.0392699
value,33.8768,4.79092,0.137445,0.15708,0.0392699
value,33.8768,4.79092,0.176714,0.15708,0.0392699
value,67.7535,4.79092,0.215984,0.15708,0.0392699
value,33.8768,4.79092,0.255254,0.15708,0.0392699
value,67.7535,4.79092,0.294524,0.15708,0.0392699
value,33.8768,4.79092,0.333794,0.15708,0.0392699
value,33.8768,4.79092,0.373064,0.15708,0.0392699
value,0,4.79092,0.412334,0.15708,0.0392699
value,101.63,4.79092,0.451604,0.15708,0.0392699
value,135.507,4.79092,0.490873,0.15708,0.0392699
value,67.7535,4.79092,0.530143,0.15708,0.0392699
value,0,4.79092,0.569413,0.15708,0.0392699
value,67.7535,4.79092,0.608683,0.15708,0.0392699
value,101.63,4.79092,0.647953,0.15708,0.0392699
value,203.261,4.79092,0.687223,0.15708,0.0392699
value,67.7535,4.79092,0.726493,0.15708,0.0392699
value,101.63,4.79092,0.765763,0.15708,0.0392699
value,67.7535,4.79092,0.805032,0.15708,0.0392699
value,33.8768,4.79092,0.844302,0.15708,0.0392699
value,33.8768,4.79092,0.883572,0.15708,0.0392699
value,67.7535,4.79092,0.922842,0.15708,0.0392699
value,0,4.79092,0.962112,0.15708,0.0392699
value,33.8768,4.79092,1.00138,0.15708,0.0392699
value,0,4.79092,1.04065,0.15708,0.0392699
value,33.8768,4.79092,1.07992,0.15708,0.0392699
value,33.8768,4.79092,1.11919,0.15708,0.0392699
value,33.8768,4.79092,1.15846,0.15708,0.0392699
value,33.8768,4.79092,1.19773,0.15708,0.0392699
value,0,4.79092,1.237,0.15708,0.0392699
value,0,4.79092,1.27627,0.15708,0.0392699
value,33.8768,4.79092,1.31554,0.15708,0.0392699
value,33.8768,4.79092,1.35481,0.15708,0.0392699
value,0,4.79092,1.39408,0.15708,0.0392699
value,0,4.79092,1.43335,0.15708,0.0392699
value,0,4.79092,1.47262,0.15708,0.0392699
value,0,4.79092,1.51189,0.15708,0.0392699
value,0,4.79092,1.55116,0.15708,0.0392699
value,0,4.948,0.0196349,0.15708,0.0392699
value,33.8768,4.948,0.0589048,0.15708,0.0392699
value,0,4.948,0.0981747,0.15708,0.0392699
value,0,4.948,0.137445,0.15708,0.0392699
value,0,4.948,0.176714,0.15708,0.0392699
value,33.8768,4.948,0.215984,0.15708,0.0392699
value,67.7535,4.948,0.255254,0.15708,0.0392699
value,67.7535,4.948,0.294524,0.15708,0.0392699
value,67.7535,4.948,0.333794,0.15708,0.0392699
value,33.8768,4.948,0.373064,0.15708,0.0392699
value,101.63,4.948,0.412334,0.15708,0.0392699
value,101.63,4.948,0.451604,0.15708,0.0392699
value,33.8768,4.948,0.490873,0.15708,0.0392699
value,135.507,4.948,0.530143,0.15708,0.0392699
value,0,4.948,0.569413,0.15708,0.0392699
value,33.8768,4.948,0.608683,0.15708,0.0392699
value,169.384,4.948,0.647953,0.15708,0.0392699
value,0,4.948,0.687223,0.15708,0.0392699
value,67.7535,4.948,0.726493,0.15708,0.0392699
value,67.7535,4.948,0.765763,0.15708,0.0392699
value,0,4.948,0.805032,0.15708,0.0392699
value,169.384,4.948,0.844302,0.15708,0.0392699
value,101.63,4.948,0.883572,0.15708,0.0392699
value,33.8768,4.948,0.922842,0.15708,0.0392699
value,101.63,4.948,0.962112,0.15708,0.0392699
value,67.7535,4.948,1.00138,0.15708,0.0392699
value,135.507,4.948,1.04065,0.15708,0.0392699
value,0,4.948,1.07992,0.15708,0.0392699
value,67.7535,4.948,1.11919,0.15708,0.0392699
value,0,4.948,1.15846,0.15708,0.0392699
value,0,4.948,1.19773,0.15708,0.0392699
value,33.8768,4.948,1.237,0.15708,0.0392699
value,0,4.948,1.27627,0.15708,0.0392699
value,0,4.948,1.31554,0.15708,0.0392699
value,0,4.948,1.35481,0.15708,0.0392699
value,0,4.948,1.39408,0.15708,0.0392699
value,0,4.948,1.43335,0.15708,0.0392699
value,0,4.948,1.47262,0.15708,0.0392699
value,0,4.948,1.51189,0.15708,0.0392699
value,0,4.948,1.55116,0.15708,0.0392699
value,0,5.10508,0.0196349,0.15708,0.0392699
value,67.7535,5.10508,0.0589048,0.15708,0.0392699
value,33.8768,5.10508,0.0981747,0.15708,0.0392699
value,33.8768,5.10508,0.137445,0.15708,0.0392699
value,67.7535,5.10508,0.176714,0.15708,0.0392699
value,135.507,5.10508,0.215984,0.15708,0.0392699
value,67.7535,5.10508,0.255254,0.15708,0.0392699
value,135.507,5.10508,0.294524,0.15708,0.0392699
value,67.7535,5.10508,0.333794,0.15708,0.0392699
value,203.261,5.10508,0.373064,0.15708,0.0392699
value,0,5.10508,0.412334,0.15708,0.0392699
value,101.63,5.10508,0.451604,0.15708,0.0392699
value,169.384,5.10508,0.490873,0.15708,0.0392699
value,101.63,5.10508,0.530143,0.15708,0.0392699
value,67.7535,5.10508,0.569413,0.15708,0.0392699
value,135.507,5.10508,0.608683,0.15708,0.0392699
value,135.507,5.10508,0.647953,0.15708,0.0392699
value,135.507,5.10508,0.687223,0.15708,0.0392699
value,101.63,5.10508,0.726493,0.15708,0.0392699
value,33.8768,5.10508,0.765763,0.15708,0.0392699
value,67.7535,5.10508,0.805032,0.15708,0.0392699
value,169.384,5.10508,0.844302,0.15708,0.0392699
value,169.384,5.10508,0.883572,0.15708,0.0392699
value,33.8768,5.10508,0.922842,0.15708,0.0392699
value,67.7535,5.10508,0.962112,0.15708,0.0392699
value,67.7535,5.10508,1.00138,0.15708,0.0392699
value,67.7535,5.10508,1.04065,0.15708,0.0392699
value,0,5.10508,1.07992,0.15708,0.0392699
value,67.7535,5.10508,1.11919,0.15708,0.0392699
value,33.8768,5.10508,1.15846,0.15708,0.0392699
value,67.7535,5.10508,1.19773,0.15708,0.0392699
value,0,5.10508,1.237,0.15708,0.0392699
value,33.8768,5.10508,1.27627,0.15708,0.0392699
value,33.8768,5.10508,1.31554,0.15708,0.0392699
value,33.8768,5.10508,1.35481,0.15708,0.0392699
value,0,5.10508,1.39408,0.15708,0.0392699
value,0,5.10508,1.43335,0.15708,0.0392699
value,0,5.10508,1.47262,0.15708,0.0392699
value,0,5.10508,1.51189,0.15708,0.0392699
value,0,5.10508,1.55116,0.15708,0.0392699
value,0,5.26216,0.0196349,0.15708,0.0392699
value,0,5.26216,0.0589048,0.15708,0.0392699
value,0,5.26216,0.0981747,0.15708,0.0392699
value,67.7535,5.26216,0.137445,0.15708,0.0392699
value,0,5.26216,0.176714,0.15708,0.0392699
value,101.63,5.26216,0.215984,0.15708,0.0392699
value,0,5.26216,0.255254,0.15708,0.0392699
value,135.507,5.26216,0.294524,0.15708,0.0392699
value,33.8768,5.26216,0.333794,0.15708,0.0392699
value,33.8768,5.26216,0.373064,0.15708,0.0392699
value,169.384,5.26216,0.412334,0.15708,0.0392699
value,169.384,5.26216,0.451604,0.15708,0.0392699
value,135.507,5.26216,0.490873,0.15708,0.0392699
value,203.261,5.26216,0.530143,0.15708,0.0392699
value,33.8768,5.26216,0.569413,0.15708,0.0392699
value,67.7535,5.26216,0.608683,0.15708,0.0392699
value,33.8768,5.26216,0.647953,0.15708,0.0392699
value,203.261,5.26216,0.687223,0.15708,0.0392699
value,135.507,5.26216,0.726493,0.15708,0.0392699
value,101.63,5.26216,0.765763,0.15708,0.0392699
value,135.507,5.26216,0.805032,0.15708,0.0392699
value,203.261,5.26216,0.844302,0.15708,0.0392699
value,135.507,5.26216,0.883572,0.15708,0.0392699
value,67.7535,5.26216,0.922842,0.15708,0.0392699
value,33.8768,5.26216,0.962112,0.15708,0.0392699
value,33.8768,5.26216,1.00138,0.15708,0.0392699
value,135.507,5.26216,1.04065,0.15708,0.0392699
value,67.7535,5.26216,1.07992,0.15708,0.0392699
value,67.7535,5.26216,1.11919,0.15708,0.0392699
value,0,5.26216,1.15846,0.15708,0.0392699
value,33.8768,5.26216,1.19773,0.15708,0.0392699
value,0,5.26216,1.237,0.15708,0.0392699
value,33.8768,5.26216,1.27627,0.15708,0.0392699
value,67.7535,5.26216,1.31554,0.15708,0.0392699
value,0,5.26216,1.35481,0.15708,0.0392699
value,0,5.26216,1.39408,0.15708,0.0392699
value,0,5.26216,1.43335,0.15708,0.0392699
value,0,5.26216,1.47262,0.15708,0.0392699
value,0,5.26216,1.51189,0.15708,0.0392699
value,0,5.26216,1.55116,0.15708,0.0392699
value,0,5.41924,0.0196349,0.15708,0.0392699
value,33.8768,5.41924,0.0589048,0.15708,0.0392699
value,33.8768,5.41924,0.0981747,0.15708,0.0392699
value,0,5.41924,0.137445,0.15708,0.0392699
value,67.7535,5.41924,0.176714,0.15708,0.0392699
value,33.8768,5.41924,0.215984,0.15708,0.0392699
value,33.8768,5.41924,0.255254,0.15708,0.0392699
value,33.8768,5.41924,0.294524,0.15708,0.0392699
value,101.63,5.41924,0.333794,0.15708,0.0392699
value,135.507,5.41924,0.373064,0.15708,0.0392699
value,135.507,5.41924,0.412334,0.15708,0.0392699
value,33.8768,5.41924,0.451604,0.15708,0.0392699
value,101.63,5.41924,0.490873,0.15708,0.0392699
value,203.261,5.41924,0.530143,0.15708,0.0392699
value,169.384,5.41924,0.569413,0.15708,0.0392699
value,67.7535,5.41924,0.608683,0.15708,0.0392699
value,169.384,5.41924,0.647953,0.15708,0.0392699
value,101.63,5.41924,0.687223,0.15708,0.0392699
value,0,5.41924,0.726493,0.15708,0.0392699
value,237.137,5.41924,0.765763,0.15708,0.0392699
value,101.63,5.41924,0.805032,0.15708,0.0392699
value,67.7535,5.41924,0.844302,0.15708,0.0392699
value,67.7535,5.41924,0.883572,0.15708,0.0392699
value,67.7535,5.41924,0.922842,0.15708,0.0392699
value,33.8768,5.41924,0.962112,0.15708,0.0392699
value,169.384,5.41924,1.00138,0.15708,0.0392699
value,33.8768,5.41924,1.04065,0.15708,0.0392699
value,67.7535,5.41924,1.07992,0.15708,0.0392699
value,67.7535,5.41924,1.11919,0.15708,0.0392699
value,33.8768,5.41924,1.15846,0.15708,0.0392699
value,67.7535,5.41924,1.19773,0.15708,0.0392699
value,0,5.41924,1.237,0.15708,0.0392699
value,67.7535,5.41924,1.27627,0.15708,0.0392699
value,101.63,5.41924,1.31554,0.15708,0.0392699
value,0,5.41924,1.35481,0.15708,0.0392699
value,0,5.41924,1.39408,0.15708,0.0392699
value,0,5.41924,1.43335,0.15708,0.0392699
value,0,5.41924,1.47262,0.15708,0.0392699
value,0,5.41924,1.51189,0.15708,0.0392699
value,0,5.41924,1.55116,0.15708,0.0392699
value,0,5.57632,0.0196349,0.15708,0.0392699
value,0,5.57632,0.0589048,0.15708,0.0392699
value,33.8768,5.57632,0.0981747,0.15708,0.0392699
value,101.63,5.57632,0.137445,0.15708,0.0392699
value,67.7535,5.57632,0.176714,0.15708,0.0392699
value,67.7535,5.57632,0.215984,0.15708,0.0392699
value,33.8768,5.57632,0.255254,0.15708,0.0392699
value,67.7535,5.57632,0.294524,0.15708,0.0392699
value,135.507,5.57632,0.333794,0.15708,0.0392699
value,169.384,5.57632,0.373064,0.15708,0.0392699
value,101.63,5.57632,0.412334,0.15708,0.0392699
value,67.7535,5.57632,0.451604,0.15708,0.0392699
value,101.63,5.57632,0.490873,0.15708,0.0392699
value,169.384,5.57632,0.530143,0.15708,0.0392699
value,135.507,5.57632,0.569413,0.15708,0.0392699
value,67.7535,5.57632,0.608683,0.15708,0.0392699
value,135.507,5.57632,0.647953,0.15708,0.0392699
value,101.63,5.57632,0.687223,0.15708,0.0392699
value,135.507,5.57632,0.726493,0.15708,0.0392699
value,169.384,5.57632,0.765763,0.15708,0.0392699
value,67.7535,5.57632,0.805032,0.15708,0.0392699
value,169.384,5.57632,0.844302,0.15708,0.0392699
value,169.384,5.57632,0.883572,0.15708,0.0392699
value,101.63,5.57632,0.922842,0.15708,0.0392699
value,101.63,5.57632,0.962112,0.15708,0.0392699
value,0,5.57632,1.00138,0.15708,0.0392699
value,0,5.57632,1.04065,0.15708,0.0392699
value,67.7535,5.57632,1.07992,0.15708,0.0392699
value,67.7535,5.57632,1.11919,0.15708,0.0392699
value,33.8768,5.57632,1.15846,0.15708,0.0392699
value,33.8768,5.57632,1.19773,0.15708,0.0392699
value,67.7535,5.57632,1.237,0.15708,0.0392699
value,33.8768,5.57632,1.27627,0.15708,0.0392699
value,67.7535,5.57632,1.31554,0.15708,0.0392699
value,0,5.57632,1.35481,0.15708,0.0392699
value,0,5.57632,1.39408,0.15708,0.0392699
value,0,5.57632,1.43335,0.15708,0.0392699
value,0,5.57632,1.47262,0.15708,0.0392699
value,0,5.57632,1.51189,0.15708,0.0392699
value,0,5.57632,1.55116,0.15708,0.0392699
value,0,5.7334,0.0196349,0.15708,0.0392699
value,33.8768,5.7334,0.0589048,0.15708,0.0392699
value,0,5.7334,0.0981747,0.15708,0.0392699
value,0,5.7334,0.137445,0.15708,0.0392699
value,0,5.7334,0.176714,0.15708,0.0392699
value,67.7535,5.7334,0.215984,0.15708,0.0392699
value,135.507,5.7334,0.255254,0.15708,0.0392699
value,33.8768,5.7334,0.294524,0.15708,0.0392699
value,33.8768,5.7334,0.333794,0.15708,0.0392699
value,135.507,5.7334,0.373064,0.15708,0.0392699
value,67.7535,5.7334,0.412334,0.15708,0.0392699
value,101.63,5.7334,0.451604,0.15708,0.0392699
value,135.507,5.7334,0.490873,0.15708,0.0392699
value,67.7535,5.7334,0.530143,0.15708,0.0392699
value,169.384,5.7334,0.569413,0.15708,0.0392699
value,101.63,5.7334,0.608683,0.15708,0.0392699
value,169.384,5.7334,0.647953,0.15708,0.0392699
value,33.8768,5.7334,0.687223,0.15708,0.0392699
value,67.7535,5.7334,0.726493,0.15708,0.0392699
value,67.7535,5.7334,0.765763,0.15708,0.0392699
value,101.63,5.7334,0.805032,0.15708,0.0392699
value,67.7535,5.7334,0.844302,0.15708,0.0392699
value,33.8768,5.7334,0.883572,0.15708,0.0392699
value,33.8768,5.7334,0.922842,0.15708,0.0392699
value,135.507,5.7334,0.962112,0.15708,0.0392699
value,67.7535,5.7334,1.00138,0.15708,0.0392699
value,101.63,5.7334,1.04065,0.15708,0.0392699
value,0,5.7334,1.07992,0.15708,0.0392699
value,67.7535,5.7334,1.11919,0.15708,0.0392699
value,67.7535,5.7334,1.15846,0.15708,0.0392699
value,33.8768,5.7334,1.19773,0.15708,0.0392699
value,0,5.7334,1.237,0.15708,0.0392699
value,0,5.7334,1.27627,0.15708,0.0392699
value,0,5.7334,1.31554,0.15708,0.0392699
value,67.7535,5.7334,1.35481,0.15708,0.0392699
value,0,5.7334,1.39408,0.15708,0.0392699
value,0,5.7334,1.43335,0.15708,0.0392699
value,0,5.7334,1.47262,0.15708,0.0392699
value,0,5.7334,1.51189,0.15708,0.0392699
value,0,5.7334,1.55116,0.15708,0.0392699
value,0,5.89048,0.0196349,0.15708,0.0392699
value,0,5.89048,0.0589048,0.15708,0.0392699
value,33.8768,5.89048,0.0981747,0.15708,0.0392699
value,33.8768,5.89048,0.137445,0.15708,0.0392699
value,33.8768,5.89048,0.176714,0.15708,0.0392699
value,101.63,5.89048,0.215984,0.15708,0.0392699
value,101.63,5.89048,0.255254,0.15708,0.0392699
value,33.8768,5.89048,0.294524,0.15708,0.0392699
value,33.8768,5.89048,0.333794,0.15708,0.0392699
value,0,5.89048,0.373064,0.15708,0.0392699
value,67.7535,5.89048,0.412334,0.15708,0.0392699
value,101.63,5.89048,0.451604,0.15708,0.0392699
value,67.7535,5.89048,0.490873,0.15708,0.0392699
value,101.63,5.89048,0.530143,0.15708,0.0392699
value,135.507,5.89048,0.569413,0.15708,0.0392699
value,169.384,5.89048,0.608683,0.15708,0.0392699
value,67.7535,5.89048,0.647953,0.15708,0.0392699
value,101.63,5.89048,0.687223,0.15708,0.0392699
value,135.507,5.89048,0.726493,0.15708,0.0392699
value,135.507,5.89048,0.765763,0.15708,0.0392699
value,135.507,5.89048,0.805032,0.15708,0.0392699
value,67.7535,5.89048,0.844302,0.15708,0.0392699
value,135.507,5.89048,0.883572,0.15708,0.0392699
value,33.8768,5.89048,0.922842,0.15708,0.0392699
value,67.7535,5.89048,0.962112,0.15708,0.0392699
value,0,5.89048,1.00138,0.15708,0.0392699
value,0,5.89048,1.04065,0.15708,0.0392699
value,0,5.89048,1.07992,0.15708,0.0392699
value,0,5.89048,1.11919,0.15708,0.0392699
value,0,5.89048,1.15846,0.15708,0.0392699
value,0,5.89048,1.19773,0.15708,0.0392699
value,67.7535,5.89048,1.237,0.15708,0.0392699
value,67.7535,5.89048,1.27627,0.15708,0.0392699
value,33.8768,5.89048,1.31554,0.15708,0.0392699
value,0,5.89048,1.35481,0.15708,0.0392699
value,0,5.89048,1.39408,0.15708,0.0392699
value,0,5.89048,1.43335,0.15708,0.0392699
value,0,5.89048,1.47262,0.15708,0.0392699
value,0,5.89048,1.51189,0.15708,0.0392699
value,0,5.89048,1.55116,0.15708,0.0392699
value,0,6.04756,0.0196349,0.15708,0.0392699
value,33.8768,6.04756,0.0589048,0.15708,0.0392699
value,33.8768,6.04756,0.0981747,0.15708,0.0392699
value,33.8768,6.04756,0.137445,0.15708,0.0392699
value,33.8768,6.04756,0.176714,0.15708,0.0392699
value,0,6.04756,0.215984,0.15708,0.0392699
value,67.7535,6.04756,0.255254,0.15708,0.0392699
value,135.507,6.04756,0.294524,0.15708,0.0392699
value,0,6.04756,0.333794,0.15708,0.0392699
value,135.507,6.04756,0.373064,0.15708,0.0392699
value,67.7535,6.04756,0.412334,0.15708,0.0392699
value,101.63,6.04756,0.451604,0.15708,0.0392699
value,33.8768,6.04756,0.490873,0.15708,0.0392699
value,101.63,6.04756,0.530143,0.15708,0.0392699
value,0,6.04756,0.569413,0.15708,0.0392699
value,33.8768,6.04756,0.608683,0.15708,0.0392699
value,101.63,6.04756,0.647953,0.15708,0.0392699
value,135.507,6.04756,0.687223,0.15708,0.0392699
value,0,6.04756,0.726493,0.15708,0.0392699
value,67.7535,6.04756,0.765763,0.15708,0.0392699
value,33.8768,6.04756,0.805032,0.15708,0.0392699
value,67.7535,6.04756,0.844302,0.15708,0.0392699
value,33.8768,6.04756,0.883572,0.15708,0.0392699
value,33.8768,6.04756,0.922842,0.15708,0.0392699
value,33.8768,6.04756,0.962112,0.15708,0.0392699
value,33.8768,6.04756,1.00138,0.15708,0.0392699
value,135.507,6.04756,1.04065,0.15708,0.0392699
value,101.63,6.04756,1.07992,0.15708,0.0392699
value,67.7535,6.04756,1.11919,0.15708,0.0392699
value,0,6.04756,1.15846,0.15708,0.0392699
value,33.8768,6.04756,1.19773,0.15708,0.0392699
value,0,6.04756,1.237,0.15708,0.0392699
value,33.8768,6.04756,1.27627,0.15708,0.0392699
value,0,6.04756,1.31554,0.15708,0.0392699
value,0,6.04756,1.35481,0.15708,0.0392699
value,0,6.04756,1.39408,0.15708,0.0392699
value,0,6.04756,1.43335,0.15708,0.0392699
value,0,6.04756,1.47262,0.15708,0.0392699
value,0,6.04756,1.51189,0.15708,0.0392699
value,0,6.04756,1.55116,0.15708,0.0392699
value,33.8768,6.20464,0.0196349,0.15708,0.0392699
value,0,6.20464,0.0589048,0.15708,0.0392699
value,0,6.20464,0.0981747,0.15708,0.0392699
value,33.8768,6.20464,0.137445,0.15708,0.0392699
value,67.7535,6.20464,0.176714,0.15708,0.0392699
value,33.8768,6.20464,0.215984,0.15708,0.0392699
value,135.507,6.20464,0.255254,0.15708,0.0392699
value,135.507,6.20464,0.294524,0.15708,0.0392699
value,135.507,6.20464,0.333794,0.15708,0.0392699
value,33.8768,6.20464,0.373064,0.15708,0.0392699
value,33.8768,6.20464,0.412334,0.15708,0.0392699
value,67.7535,6.20464,0.451604,0.15708,0.0392699
value,67.7535,6.20464,0.490873,0.15708,0.0392699
value,0,6.20464,0.530143,0.15708,0.0392699
value,101.63,6.20464,0.569413,0.15708,0.0392699
value,101.63,6.20464,0.608683,0.15708,0.0392699
value,33.8768,6.20464,0.647953,0.15708,0.0392699
value,135.507,6.20464,0.687223,0.15708,0.0392699
value,33.8768,6.20464,0.726493,0.15708,0.0392699
value,67.7535,6.20464,0.765763,0.15708,0.0392699
value,67.7535,6.20464,0.805032,0.15708,0.0392699
value,33.8768,6.20464,0.844302,0.15708,0.0392699
value,101.63,6.20464,0.883572,0.15708,0.0392699
value,0,6.20464,0.922842,0.15708,0.0392699
value,67.7535,6.20464,0.962112,0.15708,0.0392699
value,33.8768,6.20464,1.00138,0.15708,0.0392699
value,135.507,6.20464,1.04065,0.15708,0.0392699
value,101.63,6.20464,1.07992,0.15708,0.0392699
value,0,6.20464,1.11919,0.15708,0.0392699
value,0,6.20464,1.15846,0.15708,0.0392699
value,0,6.20464,1.19773,0.15708,0.0392699
value,0,6.20464,1.237,0.15708,0.0392699
value,0,6.20464,1.27627,0.15708,0.0392699
value,0,6.20464,1.31554,0.15708,0.0392699
value,0,6.20464,1.35481,0.15708,0.0392699
value,0,6.20464,1.39408,0.15708,0.0392699
value,0,6.20464,1.43335,0.15708,0.0392699
value,0,6.20464,1.47262,0.15708,0.0392699
value,0,6.20464,1.51189,0.15708,0.0392699
value,0,6.20464,1.55116,0.15708,0.0392699
zenith,0
zenith,0.0392699
zenith,0.0785398
zenith,0.11781
zenith,0.15708
zenith,0.196349
zenith,0.235619
zenith,0.274889
zenith,0.314159
zenith,0.353429
zenith,0.392699
zenith,0.431969
zenith,0.471239
zenith,0.510508
zenith,0.549778
zenith,0.589048
zenith,0.628318
zenith,0.667588
zenith,0.706858
zenith,0.746128
zenith,0.785397
zenith,0.824667
zenith,0.863937
zenith,0.903207
zenith,0.942477
zenith,0.981747
zenith,1.02102
zenith,1.06029
zenith,1.09956
zenith,1.13883
zenith,1.1781
zenith,1.21737
zenith,1.25664
zenith,1.29591
zenith,1.33518
zenith,1.37445
zenith,1.41372
zenith,1.45299
zenith,1.49226
zenith,1.53153
zenith,1.57079
azimuth,0
azimuth,0.15708
azimuth,0.314159
azimuth,0.471239
azimuth,0.628318
azimuth,0.785397
azimuth,0.942477
azimuth,1.09956
azimuth,1.25664
azimuth,1.41372
azimuth,1.57079
azimuth,1.72787
azimuth,1.88495
azimuth,2.04203
azimuth,2.19911
azimuth,2.35619
azimuth,2.51327
azimuth,2.67035
azimuth,2.82743
azimuth,2.98451
azimuth,3.14159
azimuth,3.29867
azimuth,3.45575
azimuth,3.61283
azimuth,3.76991
azimuth,3.92699
azimuth,4.08407
azimuth,4.24115
azimuth,4.39823
azimuth,4.55531
azimuth,4.71238
azimuth,4.86946
azimuth,5.02654
azimuth,5.18362
azimuth,5.3407
azimuth,5.49778
azimuth,5.65486
azimuth,5.81194
azimuth,5.96902
azimuth,6.1261
azimuth,6.28318
