value,1.53582e-06,0.108331,0.101886,0.216662,0.203771
value,3.46011e-06,0.108331,0.246225,0.216662,0.0849079
value,4.02141e-06,0.108331,0.32143,0.216662,0.0655011
value,4.80947e-06,0.108331,0.381939,0.216662,0.055517
value,4.69197e-06,0.108331,0.434286,0.216662,0.0491768
value,4.10924e-06,0.108331,0.481226,0.216662,0.0447027
value,3.89086e-06,0.108331,0.524245,0.216662,0.041336
value,3.90469e-06,0.108331,0.564258,0.216662,0.0386899
value,4.07741e-06,0.108331,0.601875,0.216662,0.036544
value,4.19729e-06,0.108331,0.637528,0.216662,0.034762
value,4.14676e-06,0.108331,0.671536,0.216662,0.0332545
value,4.06413e-06,0.108331,0.704144,0.216662,0.0319604
value,3.95266e-06,0.108331,0.735542,0.216662,0.0308358
value,3.81509e-06,0.108331,0.765884,0.216662,0.0298488
value,3.67192e-06,0.108331,0.795296,0.216662,0.0289752
value,3.48794e-06,0.108331,0.823882,0.216662,0.0281966
value,3.28388e-06,0.108331,0.851729,0.216662,0.0274983
value,3.06132e-06,0.108331,0.878913,0.216662,0.0268689
value,2.82169e-06,0.108331,0.905497,0.216662,0.026299
value,2.56626e-06,0.108331,0.931537,0.216662,0.025781
value,2.2962e-06,0.108331,0.957082,0.216662,0.0253087
value,2.0126e-06,0.108331,0.982174,0.216662,0.0248768
value,1.71644e-06,0.108331,1.00685,0.216662,0.0244809
value,1.40866e-06,0.108331,1.03115,0.216662,0.0241174
value,1.09012e-06,0.108331,1.0551,0.216662,0.0237831
value,7.6164e-07,0.108331,1.07873,0.216662,0.0234752
value,6.57388e-07,0.108331,1.10207,0.216662,0.0231915
value,7.4629e-07,0.108331,1.12513,0.216662,0.0229299
value,9.6486e-07,0.108331,1.14794,0.216662,0.0226885
value,1.5856e-06,0.324992,0.101886,0.216662,0.203771
value,3.68827e-06,0.324992,0.246225,0.216662,0.0849079
value,4.6123e-06,0.324992,0.32143,0.216662,0.0655011
value,5.37456e-06,0.324992,0.381939,0.216662,0.055517
value,5.75698e-06,0.324992,0.434286,0.216662,0.0491768
value,5.49275e-06,0.324992,0.481226,0.216662,0.0447027
value,4.60636e-06,0.324992,0.524245,0.216662,0.041336
value,4.53291e-06,0.324992,0.564258,0.216662,0.0386899
value,4.61881e-06,0.324992,0.601875,0.216662,0.036544
value,4.81069e-06,0.324992,0.637528,0.216662,0.034762
value,4.91213e-06,0.324992,0.671536,0.216662,0.0332545
value,4.72816e-06,0.324992,0.704144,0.216662,0.0319604
value,4.37938e-06,0.324992,0.735542,0.216662,0.0308358
value,4.04218e-06,0.324992,0.765884,0.216662,0.0298488
value,3.88202e-06,0.324992,0.795296,0.216662,0.0289752
value,4.0348e-06,0.324992,0.823882,0.216662,0.0281966
value,3.81352e-06,0.324992,0.851729,0.216662,0.0274983
value,3.57153e-06,0.324992,0.878913,0.216662,0.0268689
value,3.31043e-06,0.324992,0.905497,0.216662,0.026299
value,3.03164e-06,0.324992,0.931537,0.216662,0.025781
value,2.73647e-06,0.324992,0.957082,0.216662,0.0253087
value,2.42612e-06,0.324992,0.982174,0.216662,0.0248768
value,2.10171e-06,0.324992,1.00685,0.216662,0.0244809
value,1.76427e-06,0.324992,1.03115,0.216662,0.0241174
value,1.41477e-06,0.324992,1.0551,0.216662,0.0237831
value,1.0541e-06,0.324992,1.07873,0.216662,0.0234752
value,7.23718e-07,0.324992,1.10207,0.216662,0.0231915
value,6.46946e-07,0.324992,1.12513,0.216662,0.0229299
value,8.86653e-07,0.324992,1.14794,0.216662,0.0226885
value,1.63546e-06,0.541654,0.101886,0.216662,0.203771
value,3.96049e-06,0.541654,0.246225,0.216662,0.0849079
value,5.20841e-06,0.541654,0.32143,0.216662,0.0655011
value,6.12406e-06,0.541654,0.381939,0.216662,0.055517
value,6.67724e-06,0.541654,0.434286,0.216662,0.0491768
value,6.8235e-06,0.541654,0.481226,0.216662,0.0447027
value,6.57286e-06,0.541654,0.524245,0.216662,0.041336
value,5.52622e-06,0.541654,0.564258,0.216662,0.0386899
value,5.02428e-06,0.541654,0.601875,0.216662,0.036544
value,4.91947e-06,0.541654,0.637528,0.216662,0.034762
value,5.14176e-06,0.541654,0.671536,0.216662,0.0332545
value,5.42925e-06,0.541654,0.704144,0.216662,0.0319604
value,5.38555e-06,0.541654,0.735542,0.216662,0.0308358
value,5.27526e-06,0.541654,0.765884,0.216662,0.0298488
value,5.0084e-06,0.541654,0.795296,0.216662,0.0289752
value,4.67652e-06,0.541654,0.823882,0.216662,0.0281966
value,4.21671e-06,0.541654,0.851729,0.216662,0.0274983
value,3.75017e-06,0.541654,0.878913,0.216662,0.0268689
value,3.49294e-06,0.541654,0.905497,0.216662,0.026299
value,3.28929e-06,0.541654,0.931537,0.216662,0.025781
value,2.99125e-06,0.541654,0.957082,0.216662,0.0253087
value,2.67752e-06,0.541654,0.982174,0.216662,0.0248768
value,2.34923e-06,0.541654,1.00685,0.216662,0.0244809
value,2.00747e-06,0.541654,1.03115,0.216662,0.0241174
value,1.65321e-06,0.541654,1.0551,0.216662,0.0237831
value,1.28739e-06,0.541654,1.07873,0.216662,0.0234752
value,9.10907e-07,0.541654,1.10207,0.216662,0.0231915
value,6.29767e-07,0.541654,1.12513,0.216662,0.0229299
value,7.82447e-07,0.541654,1.14794,0.216662,0.0226885
value,1.7318e-06,0.758315,0.101886,0.216662,0.203771
value,4.34993e-06,0.758315,0.246225,0.216662,0.0849079
value,5.59958e-06,0.758315,0.32143,0.216662,0.0655011
value,6.72235e-06,0.758315,0.381939,0.216662,0.055517
value,7.42134e-06,0.758315,0.434286,0.216662,0.0491768
value,8.30235e-06,0.758315,0.481226,0.216662,0.0447027
value,9.31663e-06,0.758315,0.524245,0.216662,0.041336
value,9.20141e-06,0.758315,0.564258,0.216662,0.0386899
value,7.80045e-06,0.758315,0.601875,0.216662,0.036544
value,6.13895e-06,0.758315,0.637528,0.216662,0.034762
value,5.47682e-06,0.758315,0.671536,0.216662,0.0332545
value,4.8838e-06,0.758315,0.704144,0.216662,0.0319604
value,4.91974e-06,0.758315,0.735542,0.216662,0.0308358
value,4.82277e-06,0.758315,0.765884,0.216662,0.0298488
value,4.66838e-06,0.758315,0.795296,0.216662,0.0289752
value,4.43005e-06,0.758315,0.823882,0.216662,0.0281966
value,4.89318e-06,0.758315,0.851729,0.216662,0.0274983
value,4.91702e-06,0.758315,0.878913,0.216662,0.0268689
value,4.70397e-06,0.758315,0.905497,0.216662,0.026299
value,4.26331e-06,0.758315,0.931537,0.216662,0.025781
value,3.71403e-06,0.758315,0.957082,0.216662,0.0253087
value,3.12329e-06,0.758315,0.982174,0.216662,0.0248768
value,2.7707e-06,0.758315,1.00685,0.216662,0.0244809
value,2.40329e-06,0.758315,1.03115,0.216662,0.0241174
value,2.08043e-06,0.758315,1.0551,0.216662,0.0237831
value,1.74542e-06,0.758315,1.07873,0.216662,0.0234752
value,1.31194e-06,0.758315,1.10207,0.216662,0.0231915
value,8.66895e-07,0.758315,1.12513,0.216662,0.0229299
value,6.19271e-07,0.758315,1.14794,0.216662,0.0226885
value,1.75323e-06,0.974977,0.101886,0.216662,0.203771
value,4.6771e-06,0.974977,0.246225,0.216662,0.0849079
value,6.04184e-06,0.974977,0.32143,0.216662,0.0655011
value,7.23831e-06,0.974977,0.381939,0.216662,0.055517
value,8.37796e-06,0.974977,0.434286,0.216662,0.0491768
value,9.68896e-06,0.974977,0.481226,0.216662,0.0447027
value,1.12104e-05,0.974977,0.524245,0.216662,0.041336
value,1.22919e-05,0.974977,0.564258,0.216662,0.0386899
value,1.32547e-05,0.974977,0.601875,0.216662,0.036544
value,1.44166e-05,0.974977,0.637528,0.216662,0.034762
value,1.37984e-05,0.974977,0.671536,0.216662,0.0332545
value,1.29402e-05,0.974977,0.704144,0.216662,0.0319604
value,7.1913e-06,0.974977,0.735542,0.216662,0.0308358
value,5.87346e-06,0.974977,0.765884,0.216662,0.0298488
value,4.81305e-06,0.974977,0.795296,0.216662,0.0289752
value,4.05651e-06,0.974977,0.823882,0.216662,0.0281966
value,3.67889e-06,0.974977,0.851729,0.216662,0.0274983
value,3.39915e-06,0.974977,0.878913,0.216662,0.0268689
value,3.07546e-06,0.974977,0.905497,0.216662,0.026299
value,2.62077e-06,0.974977,0.931537,0.216662,0.025781
value,2.97671e-06,0.974977,0.957082,0.216662,0.0253087
value,3.02629e-06,0.974977,0.982174,0.216662,0.0248768
value,3.20925e-06,0.974977,1.00685,0.216662,0.0244809
value,3.18359e-06,0.974977,1.03115,0.216662,0.0241174
value,2.64097e-06,0.974977,1.0551,0.216662,0.0237831
value,1.98638e-06,0.974977,1.07873,0.216662,0.0234752
value,1.55585e-06,0.974977,1.10207,0.216662,0.0231915
value,1.11359e-06,0.974977,1.12513,0.216662,0.0229299
value,6.60522e-07,0.974977,1.14794,0.216662,0.0226885
value,1.76876e-06,1.19164,0.101886,0.216662,0.203771
value,4.95901e-06,1.19164,0.246225,0.216662,0.0849079
value,6.79968e-06,1.19164,0.32143,0.216662,0.0655011
value,8.66731e-06,1.19164,0.381939,0.216662,0.055517
value,9.79206e-06,1.19164,0.434286,0.216662,0.0491768
value,1.20433e-05,1.19164,0.481226,0.216662,0.0447027
value,1.39454e-05,1.19164,0.524245,0.216662,0.041336
value,1.61214e-05,1.19164,0.564258,0.216662,0.0386899
value,1.71865e-05,1.19164,0.601875,0.216662,0.036544
value,1.82284e-05,1.19164,0.637528,0.216662,0.034762
value,1.95636e-05,1.19164,0.671536,0.216662,0.0332545
value,1.95051e-05,1.19164,0.704144,0.216662,0.0319604
value,1.99253e-05,1.19164,0.735542,0.216662,0.0308358
value,1.96247e-05,1.19164,0.765884,0.216662,0.0298488
value,1.82608e-05,1.19164,0.795296,0.216662,0.0289752
value,1.57419e-05,1.19164,0.823882,0.216662,0.0281966
value,1.43763e-05,1.19164,0.851729,0.216662,0.0274983
value,1.24596e-05,1.19164,0.878913,0.216662,0.0268689
value,1.08487e-05,1.19164,0.905497,0.216662,0.026299
value,8.52674e-06,1.19164,0.931537,0.216662,0.025781
value,6.23538e-06,1.19164,0.957082,0.216662,0.0253087
value,4.33842e-06,1.19164,0.982174,0.216662,0.0248768
value,2.43017e-06,1.19164,1.00685,0.216662,0.0244809
value,1.86125e-06,1.19164,1.03115,0.216662,0.0241174
value,1.31792e-06,1.19164,1.0551,0.216662,0.0237831
value,1.05328e-06,1.19164,1.07873,0.216662,0.0234752
value,7.97292e-07,1.19164,1.10207,0.216662,0.0231915
value,6.41436e-07,1.19164,1.12513,0.216662,0.0229299
value,6.81148e-07,1.19164,1.14794,0.216662,0.0226885
value,1.88362e-06,1.4083,0.101886,0.216662,0.203771
value,5.41863e-06,1.4083,0.246225,0.216662,0.0849079
value,8.31816e-06,1.4083,0.32143,0.216662,0.0655011
value,1.08537e-05,1.4083,0.381939,0.216662,0.055517
value,1.36869e-05,1.4083,0.434286,0.216662,0.0491768
value,1.59938e-05,1.4083,0.481226,0.216662,0.0447027
value,1.80055e-05,1.4083,0.524245,0.216662,0.041336
value,2.07691e-05,1.4083,0.564258,0.216662,0.0386899
value,2.24402e-05,1.4083,0.601875,0.216662,0.036544
value,2.4072e-05,1.4083,0.637528,0.216662,0.034762
value,2.62928e-05,1.4083,0.671536,0.216662,0.0332545
value,2.68861e-05,1.4083,0.704144,0.216662,0.0319604
value,2.74752e-05,1.4083,0.735542,0.216662,0.0308358
value,2.96202e-05,1.4083,0.765884,0.216662,0.0298488
value,2.95211e-05,1.4083,0.795296,0.216662,0.0289752
value,3.00238e-05,1.4083,0.823882,0.216662,0.0281966
value,3.22816e-05,1.4083,0.851729,0.216662,0.0274983
value,3.19941e-05,1.4083,0.878913,0.216662,0.0268689
value,3.16092e-05,1.4083,0.905497,0.216662,0.026299
value,3.06958e-05,1.4083,0.931537,0.216662,0.025781
value,3.14898e-05,1.4083,0.957082,0.216662,0.0253087
value,2.92127e-05,1.4083,0.982174,0.216662,0.0248768
value,2.76156e-05,1.4083,1.00685,0.216662,0.0244809
value,2.79194e-05,1.4083,1.03115,0.216662,0.0241174
value,2.60246e-05,1.4083,1.0551,0.216662,0.0237831
value,2.30201e-05,1.4083,1.07873,0.216662,0.0234752
value,1.9915e-05,1.4083,1.10207,0.216662,0.0231915
value,1.67169e-05,1.4083,1.12513,0.216662,0.0229299
value,1.26272e-05,1.4083,1.14794,0.216662,0.0226885
value,2.43474e-06,1.62496,0.101886,0.216662,0.203771
value,6.28414e-06,1.62496,0.246225,0.216662,0.0849079
value,9.98021e-06,1.62496,0.32143,0.216662,0.0655011
value,1.31147e-05,1.62496,0.381939,0.216662,0.055517
value,1.60404e-05,1.62496,0.434286,0.216662,0.0491768
value,1.94624e-05,1.62496,0.481226,0.216662,0.0447027
value,2.21059e-05,1.62496,0.524245,0.216662,0.041336
value,2.42565e-05,1.62496,0.564258,0.216662,0.0386899
value,2.76873e-05,1.62496,0.601875,0.216662,0.036544
value,2.95089e-05,1.62496,0.637528,0.216662,0.034762
value,3.10566e-05,1.62496,0.671536,0.216662,0.0332545
value,3.33499e-05,1.62496,0.704144,0.216662,0.0319604
value,3.35497e-05,1.62496,0.735542,0.216662,0.0308358
value,3.33833e-05,1.62496,0.765884,0.216662,0.0298488
value,3.54751e-05,1.62496,0.795296,0.216662,0.0289752
value,3.56562e-05,1.62496,0.823882,0.216662,0.0281966
value,3.58587e-05,1.62496,0.851729,0.216662,0.0274983
value,3.80785e-05,1.62496,0.878913,0.216662,0.0268689
value,3.78698e-05,1.62496,0.905497,0.216662,0.026299
value,3.77226e-05,1.62496,0.931537,0.216662,0.025781
value,4.09447e-05,1.62496,0.957082,0.216662,0.0253087
value,4.02907e-05,1.62496,0.982174,0.216662,0.0248768
value,3.95282e-05,1.62496,1.00685,0.216662,0.0244809
value,3.86887e-05,1.62496,1.03115,0.216662,0.0241174
value,4.15012e-05,1.62496,1.0551,0.216662,0.0237831
value,4.04377e-05,1.62496,1.07873,0.216662,0.0234752
value,3.93049e-05,1.62496,1.10207,0.216662,0.0231915
value,3.72421e-05,1.62496,1.12513,0.216662,0.0229299
value,2.30358e-05,1.62496,1.14794,0.216662,0.0226885
value,2.10767e-06,1.84162,0.101886,0.216662,0.203771
value,7.1065e-06,1.84162,0.246225,0.216662,0.0849079
value,1.09888e-05,1.84162,0.32143,0.216662,0.0655011
value,1.56543e-05,1.84162,0.381939,0.216662,0.055517
value,1.97643e-05,1.84162,0.434286,0.216662,0.0491768
value,2.31002e-05,1.84162,0.481226,0.216662,0.0447027
value,2.70178e-05,1.84162,0.524245,0.216662,0.041336
value,2.95678e-05,1.84162,0.564258,0.216662,0.0386899
value,3.2149e-05,1.84162,0.601875,0.216662,0.036544
value,3.53034e-05,1.84162,0.637528,0.216662,0.034762
value,3.65427e-05,1.84162,0.671536,0.216662,0.0332545
value,3.76586e-05,1.84162,0.704144,0.216662,0.0319604
value,3.8178e-05,1.84162,0.735542,0.216662,0.0308358
value,4.13934e-05,1.84162,0.765884,0.216662,0.0298488
value,4.10207e-05,1.84162,0.795296,0.216662,0.0289752
value,4.20878e-05,1.84162,0.823882,0.216662,0.0281966
value,4.11844e-05,1.84162,0.851729,0.216662,0.0274983
value,3.96468e-05,1.84162,0.878913,0.216662,0.0268689
value,4.19715e-05,1.84162,0.905497,0.216662,0.026299
value,4.20948e-05,1.84162,0.931537,0.216662,0.025781
value,4.19628e-05,1.84162,0.957082,0.216662,0.0253087
value,4.1868e-05,1.84162,0.982174,0.216662,0.0248768
value,3.62692e-05,1.84162,1.00685,0.216662,0.0244809
value,3.03185e-05,1.84162,1.03115,0.216662,0.0241174
value,2.41561e-05,1.84162,1.0551,0.216662,0.0237831
value,1.77979e-05,1.84162,1.07873,0.216662,0.0234752
value,1.30419e-05,1.84162,1.10207,0.216662,0.0231915
value,1.63142e-05,1.84162,1.12513,0.216662,0.0229299
value,1.79397e-05,1.84162,1.14794,0.216662,0.0226885
value,2.04277e-06,2.05828,0.101886,0.216662,0.203771
value,7.58894e-06,2.05828,0.246225,0.216662,0.0849079
value,1.17214e-05,2.05828,0.32143,0.216662,0.0655011
value,1.67959e-05,2.05828,0.381939,0.216662,0.055517
value,2.08506e-05,2.05828,0.434286,0.216662,0.0491768
value,2.47566e-05,2.05828,0.481226,0.216662,0.0447027
value,2.84675e-05,2.05828,0.524245,0.216662,0.041336
value,3.23554e-05,2.05828,0.564258,0.216662,0.0386899
value,3.44165e-05,2.05828,0.601875,0.216662,0.036544
value,3.629e-05,2.05828,0.637528,0.216662,0.034762
value,3.87222e-05,2.05828,0.671536,0.216662,0.0332545
value,4.17849e-05,2.05828,0.704144,0.216662,0.0319604
value,4.25958e-05,2.05828,0.735542,0.216662,0.0308358
value,4.33886e-05,2.05828,0.765884,0.216662,0.0298488
value,4.35544e-05,2.05828,0.795296,0.216662,0.0289752
value,4.58244e-05,2.05828,0.823882,0.216662,0.0281966
value,4.51531e-05,2.05828,0.851729,0.216662,0.0274983
value,4.45951e-05,2.05828,0.878913,0.216662,0.0268689
value,4.57872e-05,2.05828,0.905497,0.216662,0.026299
value,4.21674e-05,2.05828,0.931537,0.216662,0.025781
value,4.08676e-05,2.05828,0.957082,0.216662,0.0253087
value,4.5864e-05,2.05828,0.982174,0.216662,0.0248768
value,4.59855e-05,2.05828,1.00685,0.216662,0.0244809
value,4.61236e-05,2.05828,1.03115,0.216662,0.0241174
value,4.62854e-05,2.05828,1.0551,0.216662,0.0237831
value,3.82484e-05,2.05828,1.07873,0.216662,0.0234752
value,3.22134e-05,2.05828,1.10207,0.216662,0.0231915
value,2.08365e-05,2.05828,1.12513,0.216662,0.0229299
value,5.56927e-06,2.05828,1.14794,0.216662,0.0226885
value,1.97223e-06,2.27495,0.101886,0.216662,0.203771
value,7.73547e-06,2.27495,0.246225,0.216662,0.0849079
value,1.20251e-05,2.27495,0.32143,0.216662,0.0655011
value,1.61828e-05,2.27495,0.381939,0.216662,0.055517
value,2.15306e-05,2.27495,0.434286,0.216662,0.0491768
value,2.54297e-05,2.27495,0.481226,0.216662,0.0447027
value,2.84295e-05,2.27495,0.524245,0.216662,0.041336
value,3.12192e-05,2.27495,0.564258,0.216662,0.0386899
value,3.48421e-05,2.27495,0.601875,0.216662,0.036544
value,3.65013e-05,2.27495,0.637528,0.216662,0.034762
value,3.94787e-05,2.27495,0.671536,0.216662,0.0332545
value,4.05995e-05,2.27495,0.704144,0.216662,0.0319604
value,4.13885e-05,2.27495,0.735542,0.216662,0.0308358
value,4.45752e-05,2.27495,0.765884,0.216662,0.0298488
value,4.51046e-05,2.27495,0.795296,0.216662,0.0289752
value,4.52353e-05,2.27495,0.823882,0.216662,0.0281966
value,4.95444e-05,2.27495,0.851729,0.216662,0.0274983
value,4.93256e-05,2.27495,0.878913,0.216662,0.0268689
value,4.83684e-05,2.27495,0.905497,0.216662,0.026299
value,4.72155e-05,2.27495,0.931537,0.216662,0.025781
value,4.76201e-05,2.27495,0.957082,0.216662,0.0253087
value,4.63152e-05,2.27495,0.982174,0.216662,0.0248768
value,4.31929e-05,2.27495,1.00685,0.216662,0.0244809
value,4.12234e-05,2.27495,1.03115,0.216662,0.0241174
value,4.10987e-05,2.27495,1.0551,0.216662,0.0237831
value,4.47463e-05,2.27495,1.07873,0.216662,0.0234752
value,4.71689e-05,2.27495,1.10207,0.216662,0.0231915
value,5.03931e-05,2.27495,1.12513,0.216662,0.0229299
value,4.96049e-05,2.27495,1.14794,0.216662,0.0226885
value,2.4293e-06,2.49161,0.101886,0.216662,0.203771
value,7.58666e-06,2.49161,0.246225,0.216662,0.0849079
value,1.12963e-05,2.49161,0.32143,0.216662,0.0655011
value,1.51142e-05,2.49161,0.381939,0.216662,0.055517
value,1.89026e-05,2.49161,0.434286,0.216662,0.0491768
value,2.225e-05,2.49161,0.481226,0.216662,0.0447027
value,2.7631e-05,2.49161,0.524245,0.216662,0.041336
value,3.06433e-05,2.49161,0.564258,0.216662,0.0386899
value,3.26225e-05,2.49161,0.601875,0.216662,0.036544
value,3.58606e-05,2.49161,0.637528,0.216662,0.034762
value,3.74917e-05,2.49161,0.671536,0.216662,0.0332545
value,3.89646e-05,2.49161,0.704144,0.216662,0.0319604
value,4.20302e-05,2.49161,0.735542,0.216662,0.0308358
value,4.26249e-05,2.49161,0.765884,0.216662,0.0298488
value,4.30771e-05,2.49161,0.795296,0.216662,0.0289752
value,4.3435e-05,2.49161,0.823882,0.216662,0.0281966
value,4.88062e-05,2.49161,0.851729,0.216662,0.0274983
value,4.87691e-05,2.49161,0.878913,0.216662,0.0268689
value,4.86084e-05,2.49161,0.905497,0.216662,0.026299
value,4.82266e-05,2.49161,0.931537,0.216662,0.025781
value,5.01352e-05,2.49161,0.957082,0.216662,0.0253087
value,4.93099e-05,2.49161,0.982174,0.216662,0.0248768
value,4.77206e-05,2.49161,1.00685,0.216662,0.0244809
value,4.5839e-05,2.49161,1.03115,0.216662,0.0241174
value,4.37588e-05,2.49161,1.0551,0.216662,0.0237831
value,4.5721e-05,2.49161,1.07873,0.216662,0.0234752
value,4.66619e-05,2.49161,1.10207,0.216662,0.0231915
value,4.44758e-05,2.49161,1.12513,0.216662,0.0229299
value,4.2834e-05,2.49161,1.14794,0.216662,0.0226885
value,1.6666e-06,2.70827,0.101886,0.216662,0.203771
value,6.29861e-06,2.70827,0.246225,0.216662,0.0849079
value,1.01117e-05,2.70827,0.32143,0.216662,0.0655011
value,1.37056e-05,2.70827,0.381939,0.216662,0.055517
value,1.70494e-05,2.70827,0.434286,0.216662,0.0491768
value,2.03959e-05,2.70827,0.481226,0.216662,0.0447027
value,2.30369e-05,2.70827,0.524245,0.216662,0.041336
value,2.67724e-05,2.70827,0.564258,0.216662,0.0386899
value,2.92213e-05,2.70827,0.601875,0.216662,0.036544
value,3.1466e-05,2.70827,0.637528,0.216662,0.034762
value,3.30373e-05,2.70827,0.671536,0.216662,0.0332545
value,3.4487e-05,2.70827,0.704144,0.216662,0.0319604
value,3.88133e-05,2.70827,0.735542,0.216662,0.0308358
value,4.18086e-05,2.70827,0.765884,0.216662,0.0298488
value,4.22658e-05,2.70827,0.795296,0.216662,0.0289752
value,4.26185e-05,2.70827,0.823882,0.216662,0.0281966
value,4.27789e-05,2.70827,0.851729,0.216662,0.0274983
value,4.66644e-05,2.70827,0.878913,0.216662,0.0268689
value,4.69732e-05,2.70827,0.905497,0.216662,0.026299
value,4.71872e-05,2.70827,0.931537,0.216662,0.025781
value,4.73543e-05,2.70827,0.957082,0.216662,0.0253087
value,5.20279e-05,2.70827,0.982174,0.216662,0.0248768
value,5.20225e-05,2.70827,1.00685,0.216662,0.0244809
value,5.13727e-05,2.70827,1.03115,0.216662,0.0241174
value,5.08217e-05,2.70827,1.0551,0.216662,0.0237831
value,5.60891e-05,2.70827,1.07873,0.216662,0.0234752
value,5.38215e-05,2.70827,1.10207,0.216662,0.0231915
value,5.16421e-05,2.70827,1.12513,0.216662,0.0229299
value,4.92084e-05,2.70827,1.14794,0.216662,0.0226885
value,1.48368e-06,2.92493,0.101886,0.216662,0.203771
value,4.82745e-06,2.92493,0.246225,0.216662,0.0849079
value,8.15934e-06,2.92493,0.32143,0.216662,0.0655011
value,1.11257e-05,2.92493,0.381939,0.216662,0.055517
value,1.47472e-05,2.92493,0.434286,0.216662,0.0491768
value,1.7264e-05,2.92493,0.481226,0.216662,0.0447027
value,1.9491e-05,2.92493,0.524245,0.216662,0.041336
value,2.1536e-05,2.92493,0.564258,0.216662,0.0386899
value,2.43213e-05,2.92493,0.601875,0.216662,0.036544
value,2.60336e-05,2.92493,0.637528,0.216662,0.034762
value,2.76775e-05,2.92493,0.671536,0.216662,0.0332545
value,2.91695e-05,2.92493,0.704144,0.216662,0.0319604
value,3.48175e-05,2.92493,0.735542,0.216662,0.0308358
value,3.57973e-05,2.92493,0.765884,0.216662,0.0298488
value,3.66871e-05,2.92493,0.795296,0.216662,0.0289752
value,3.89798e-05,2.92493,0.823882,0.216662,0.0281966
value,3.96791e-05,2.92493,0.851729,0.216662,0.0274983
value,3.9976e-05,2.92493,0.878913,0.216662,0.0268689
value,4.0518e-05,2.92493,0.905497,0.216662,0.026299
value,4.07164e-05,2.92493,0.931537,0.216662,0.025781
value,4.43459e-05,2.92493,0.957082,0.216662,0.0253087
value,4.42973e-05,2.92493,0.982174,0.216662,0.0248768
value,4.41424e-05,2.92493,1.00685,0.216662,0.0244809
value,4.7842e-05,2.92493,1.03115,0.216662,0.0241174
value,4.69067e-05,2.92493,1.0551,0.216662,0.0237831
value,4.70129e-05,2.92493,1.07873,0.216662,0.0234752
value,4.37766e-05,2.92493,1.10207,0.216662,0.0231915
value,4.40887e-05,2.92493,1.12513,0.216662,0.0229299
value,4.14035e-05,2.92493,1.14794,0.216662,0.0226885
value,1.37436e-06,3.14159,0.101886,0.216662,0.203771
value,4.0295e-06,3.14159,0.246225,0.216662,0.0849079
value,6.39116e-06,3.14159,0.32143,0.216662,0.0655011
value,8.42656e-06,3.14159,0.381939,0.216662,0.055517
value,1.03489e-05,3.14159,0.434286,0.216662,0.0491768
value,1.23108e-05,3.14159,0.481226,0.216662,0.0447027
value,1.39761e-05,3.14159,0.524245,0.216662,0.041336
value,1.67483e-05,3.14159,0.564258,0.216662,0.0386899
value,1.82296e-05,3.14159,0.601875,0.216662,0.036544
value,1.98797e-05,3.14159,0.637528,0.216662,0.034762
value,2.12175e-05,3.14159,0.671536,0.216662,0.0332545
value,2.23973e-05,3.14159,0.704144,0.216662,0.0319604
value,2.312e-05,3.14159,0.735542,0.216662,0.0308358
value,2.71333e-05,3.14159,0.765884,0.216662,0.0298488
value,2.75679e-05,3.14159,0.795296,0.216662,0.0289752
value,2.77628e-05,3.14159,0.823882,0.216662,0.0281966
value,2.84286e-05,3.14159,0.851729,0.216662,0.0274983
value,2.85862e-05,3.14159,0.878913,0.216662,0.0268689
value,3.08538e-05,3.14159,0.905497,0.216662,0.026299
value,3.0676e-05,3.14159,0.931537,0.216662,0.025781
value,3.03458e-05,3.14159,0.957082,0.216662,0.0253087
value,3.25678e-05,3.14159,0.982174,0.216662,0.0248768
value,3.20861e-05,3.14159,1.00685,0.216662,0.0244809
value,3.15461e-05,3.14159,1.03115,0.216662,0.0241174
value,3.09516e-05,3.14159,1.0551,0.216662,0.0237831
value,3.23838e-05,3.14159,1.07873,0.216662,0.0234752
value,3.10722e-05,3.14159,1.10207,0.216662,0.0231915
value,2.96036e-05,3.14159,1.12513,0.216662,0.0229299
value,2.71163e-05,3.14159,1.14794,0.216662,0.0226885
value,1.30134e-06,3.35825,0.101886,0.216662,0.203771
value,3.28937e-06,3.35825,0.246225,0.216662,0.0849079
value,4.78619e-06,3.35825,0.32143,0.216662,0.0655011
value,6.28466e-06,3.35825,0.381939,0.216662,0.055517
value,8.02453e-06,3.35825,0.434286,0.216662,0.0491768
value,9.42153e-06,3.35825,0.481226,0.216662,0.0447027
value,1.06703e-05,3.35825,0.524245,0.216662,0.041336
value,1.23258e-05,3.35825,0.564258,0.216662,0.0386899
value,1.39799e-05,3.35825,0.601875,0.216662,0.036544
value,1.50115e-05,3.35825,0.637528,0.216662,0.034762
value,1.58366e-05,3.35825,0.671536,0.216662,0.0332545
value,1.65874e-05,3.35825,0.704144,0.216662,0.0319604
value,1.74034e-05,3.35825,0.735542,0.216662,0.0308358
value,1.96989e-05,3.35825,0.765884,0.216662,0.0298488
value,2.04648e-05,3.35825,0.795296,0.216662,0.0289752
value,2.07717e-05,3.35825,0.823882,0.216662,0.0281966
value,2.07319e-05,3.35825,0.851729,0.216662,0.0274983
value,2.06323e-05,3.35825,0.878913,0.216662,0.0268689
value,2.39651e-05,3.35825,0.905497,0.216662,0.026299
value,2.38387e-05,3.35825,0.931537,0.216662,0.025781
value,2.36643e-05,3.35825,0.957082,0.216662,0.0253087
value,2.34451e-05,3.35825,0.982174,0.216662,0.0248768
value,2.29122e-05,3.35825,1.00685,0.216662,0.0244809
value,2.17221e-05,3.35825,1.03115,0.216662,0.0241174
value,2.04704e-05,3.35825,1.0551,0.216662,0.0237831
value,1.91614e-05,3.35825,1.07873,0.216662,0.0234752
value,1.78329e-05,3.35825,1.10207,0.216662,0.0231915
value,1.65183e-05,3.35825,1.12513,0.216662,0.0229299
value,1.53831e-05,3.35825,1.14794,0.216662,0.0226885
value,1.30798e-06,3.57492,0.101886,0.216662,0.203771
value,3.35842e-06,3.57492,0.246225,0.216662,0.0849079
value,4.71714e-06,3.57492,0.32143,0.216662,0.0655011
value,5.97368e-06,3.57492,0.381939,0.216662,0.055517
value,7.63924e-06,3.57492,0.434286,0.216662,0.0491768
value,8.82074e-06,3.57492,0.481226,0.216662,0.0447027
value,9.98332e-06,3.57492,0.524245,0.216662,0.041336
value,1.16305e-05,3.57492,0.564258,0.216662,0.0386899
value,1.27004e-05,3.57492,0.601875,0.216662,0.036544
value,1.36306e-05,3.57492,0.637528,0.216662,0.034762
value,1.5206e-05,3.57492,0.671536,0.216662,0.0332545
value,1.58449e-05,3.57492,0.704144,0.216662,0.0319604
value,1.64386e-05,3.57492,0.735542,0.216662,0.0308358
value,1.67685e-05,3.57492,0.765884,0.216662,0.0298488
value,1.81993e-05,3.57492,0.795296,0.216662,0.0289752
value,1.83168e-05,3.57492,0.823882,0.216662,0.0281966
value,1.88364e-05,3.57492,0.851729,0.216662,0.0274983
value,1.81547e-05,3.57492,0.878913,0.216662,0.0268689
value,1.73937e-05,3.57492,0.905497,0.216662,0.026299
value,1.75376e-05,3.57492,0.931537,0.216662,0.025781
value,1.65675e-05,3.57492,0.957082,0.216662,0.0253087
value,1.53932e-05,3.57492,0.982174,0.216662,0.0248768
value,1.41323e-05,3.57492,1.00685,0.216662,0.0244809
value,1.28128e-05,3.57492,1.03115,0.216662,0.0241174
value,1.14388e-05,3.57492,1.0551,0.216662,0.0237831
value,1.00807e-05,3.57492,1.07873,0.216662,0.0234752
value,9.23968e-06,3.57492,1.10207,0.216662,0.0231915
value,8.36976e-06,3.57492,1.12513,0.216662,0.0229299
value,7.48523e-06,3.57492,1.14794,0.216662,0.0226885
value,1.33281e-06,3.79158,0.101886,0.216662,0.203771
value,3.46929e-06,3.79158,0.246225,0.216662,0.0849079
value,4.74194e-06,3.79158,0.32143,0.216662,0.0655011
value,5.99714e-06,3.79158,0.381939,0.216662,0.055517
value,7.38938e-06,3.79158,0.434286,0.216662,0.0491768
value,8.27138e-06,3.79158,0.481226,0.216662,0.0447027
value,8.85009e-06,3.79158,0.524245,0.216662,0.041336
value,9.1047e-06,3.79158,0.564258,0.216662,0.0386899
value,1.03166e-05,3.79158,0.601875,0.216662,0.036544
value,1.09009e-05,3.79158,0.637528,0.216662,0.034762
value,1.14731e-05,3.79158,0.671536,0.216662,0.0332545
value,1.18779e-05,3.79158,0.704144,0.216662,0.0319604
value,1.2896e-05,3.79158,0.735542,0.216662,0.0308358
value,1.36644e-05,3.79158,0.765884,0.216662,0.0298488
value,1.34243e-05,3.79158,0.795296,0.216662,0.0289752
value,1.31011e-05,3.79158,0.823882,0.216662,0.0281966
value,1.22342e-05,3.79158,0.851729,0.216662,0.0274983
value,1.08939e-05,3.79158,0.878913,0.216662,0.0268689
value,1.02332e-05,3.79158,0.905497,0.216662,0.026299
value,8.6119e-06,3.79158,0.931537,0.216662,0.025781
value,7.28509e-06,3.79158,0.957082,0.216662,0.0253087
value,6.62863e-06,3.79158,0.982174,0.216662,0.0248768
value,5.94022e-06,3.79158,1.00685,0.216662,0.0244809
value,5.23825e-06,3.79158,1.03115,0.216662,0.0241174
value,4.80135e-06,3.79158,1.0551,0.216662,0.0237831
value,4.19458e-06,3.79158,1.07873,0.216662,0.0234752
value,3.31453e-06,3.79158,1.10207,0.216662,0.0231915
value,2.31498e-06,3.79158,1.12513,0.216662,0.0229299
value,2.08369e-06,3.79158,1.14794,0.216662,0.0226885
value,1.43931e-06,4.00824,0.101886,0.216662,0.203771
value,3.62899e-06,4.00824,0.246225,0.216662,0.0849079
value,4.93287e-06,4.00824,0.32143,0.216662,0.0655011
value,5.93706e-06,4.00824,0.381939,0.216662,0.055517
value,7.00811e-06,4.00824,0.434286,0.216662,0.0491768
value,7.63895e-06,4.00824,0.481226,0.216662,0.0447027
value,8.1426e-06,4.00824,0.524245,0.216662,0.041336
value,8.31447e-06,4.00824,0.564258,0.216662,0.0386899
value,8.41704e-06,4.00824,0.601875,0.216662,0.036544
value,8.26586e-06,4.00824,0.637528,0.216662,0.034762
value,8.59856e-06,4.00824,0.671536,0.216662,0.0332545
value,8.40704e-06,4.00824,0.704144,0.216662,0.0319604
value,8.18285e-06,4.00824,0.735542,0.216662,0.0308358
value,7.92364e-06,4.00824,0.765884,0.216662,0.0298488
value,7.7786e-06,4.00824,0.795296,0.216662,0.0289752
value,7.64991e-06,4.00824,0.823882,0.216662,0.0281966
value,7.32924e-06,4.00824,0.851729,0.216662,0.0274983
value,7.21842e-06,4.00824,0.878913,0.216662,0.0268689
value,6.76446e-06,4.00824,0.905497,0.216662,0.026299
value,6.11291e-06,4.00824,0.931537,0.216662,0.025781
value,5.4155e-06,4.00824,0.957082,0.216662,0.0253087
value,5.13718e-06,4.00824,0.982174,0.216662,0.0248768
value,4.46607e-06,4.00824,1.00685,0.216662,0.0244809
value,3.76783e-06,4.00824,1.03115,0.216662,0.0241174
value,3.1482e-06,4.00824,1.0551,0.216662,0.0237831
value,2.73092e-06,4.00824,1.07873,0.216662,0.0234752
value,2.36477e-06,4.00824,1.10207,0.216662,0.0231915
value,2.11983e-06,4.00824,1.12513,0.216662,0.0229299
value,2.14087e-06,4.00824,1.14794,0.216662,0.0226885
value,1.4102e-06,4.2249,0.101886,0.216662,0.203771
value,3.73468e-06,4.2249,0.246225,0.216662,0.0849079
value,4.93341e-06,4.2249,0.32143,0.216662,0.0655011
value,6.08355e-06,4.2249,0.381939,0.216662,0.055517
value,7.3651e-06,4.2249,0.434286,0.216662,0.0491768
value,7.93748e-06,4.2249,0.481226,0.216662,0.0447027
value,8.35867e-06,4.2249,0.524245,0.216662,0.041336
value,8.6028e-06,4.2249,0.564258,0.216662,0.0386899
value,9.2574e-06,4.2249,0.601875,0.216662,0.036544
value,9.17652e-06,4.2249,0.637528,0.216662,0.034762
value,8.99056e-06,4.2249,0.671536,0.216662,0.0332545
value,8.95082e-06,4.2249,0.704144,0.216662,0.0319604
value,8.69873e-06,4.2249,0.735542,0.216662,0.0308358
value,8.70748e-06,4.2249,0.765884,0.216662,0.0298488
value,8.94624e-06,4.2249,0.795296,0.216662,0.0289752
value,8.55127e-06,4.2249,0.823882,0.216662,0.0281966
value,8.0792e-06,4.2249,0.851729,0.216662,0.0274983
value,7.56312e-06,4.2249,0.878913,0.216662,0.0268689
value,7.57147e-06,4.2249,0.905497,0.216662,0.026299
value,6.93209e-06,4.2249,0.931537,0.216662,0.025781
value,6.24409e-06,4.2249,0.957082,0.216662,0.0253087
value,5.74317e-06,4.2249,0.982174,0.216662,0.0248768
value,5.23593e-06,4.2249,1.00685,0.216662,0.0244809
value,5.03623e-06,4.2249,1.03115,0.216662,0.0241174
value,4.44778e-06,4.2249,1.0551,0.216662,0.0237831
value,3.83821e-06,4.2249,1.07873,0.216662,0.0234752
value,3.3324e-06,4.2249,1.10207,0.216662,0.0231915
value,3.1028e-06,4.2249,1.12513,0.216662,0.0229299
value,2.93202e-06,4.2249,1.14794,0.216662,0.0226885
value,1.35363e-06,4.44156,0.101886,0.216662,0.203771
value,3.59911e-06,4.44156,0.246225,0.216662,0.0849079
value,4.74888e-06,4.44156,0.32143,0.216662,0.0655011
value,5.78249e-06,4.44156,0.381939,0.216662,0.055517
value,6.65872e-06,4.44156,0.434286,0.216662,0.0491768
value,8.12955e-06,4.44156,0.481226,0.216662,0.0447027
value,8.75561e-06,4.44156,0.524245,0.216662,0.041336
value,9.1605e-06,4.44156,0.564258,0.216662,0.0386899
value,9.36882e-06,4.44156,0.601875,0.216662,0.036544
value,9.68652e-06,4.44156,0.637528,0.216662,0.034762
value,9.65291e-06,4.44156,0.671536,0.216662,0.0332545
value,9.02386e-06,4.44156,0.704144,0.216662,0.0319604
value,8.75907e-06,4.44156,0.735542,0.216662,0.0308358
value,8.8322e-06,4.44156,0.765884,0.216662,0.0298488
value,8.52953e-06,4.44156,0.795296,0.216662,0.0289752
value,8.59213e-06,4.44156,0.823882,0.216662,0.0281966
value,8.15942e-06,4.44156,0.851729,0.216662,0.0274983
value,7.69671e-06,4.44156,0.878913,0.216662,0.0268689
value,7.33962e-06,4.44156,0.905497,0.216662,0.026299
value,6.95268e-06,4.44156,0.931537,0.216662,0.025781
value,6.53806e-06,4.44156,0.957082,0.216662,0.0253087
value,6.19436e-06,4.44156,0.982174,0.216662,0.0248768
value,5.63741e-06,4.44156,1.00685,0.216662,0.0244809
value,5.20795e-06,4.44156,1.03115,0.216662,0.0241174
value,4.79471e-06,4.44156,1.0551,0.216662,0.0237831
value,4.36745e-06,4.44156,1.07873,0.216662,0.0234752
value,3.93803e-06,4.44156,1.10207,0.216662,0.0231915
value,3.4946e-06,4.44156,1.12513,0.216662,0.0229299
value,3.15327e-06,4.44156,1.14794,0.216662,0.0226885
value,1.31201e-06,4.65822,0.101886,0.216662,0.203771
value,3.38816e-06,4.65822,0.246225,0.216662,0.0849079
value,4.18963e-06,4.65822,0.32143,0.216662,0.0655011
value,4.98813e-06,4.65822,0.381939,0.216662,0.055517
value,5.76795e-06,4.65822,0.434286,0.216662,0.0491768
value,7.21403e-06,4.65822,0.481226,0.216662,0.0447027
value,7.75812e-06,4.65822,0.524245,0.216662,0.041336
value,8.19185e-06,4.65822,0.564258,0.216662,0.0386899
value,8.51296e-06,4.65822,0.601875,0.216662,0.036544
value,8.66971e-06,4.65822,0.637528,0.216662,0.034762
value,9.34375e-06,4.65822,0.671536,0.216662,0.0332545
value,9.32234e-06,4.65822,0.704144,0.216662,0.0319604
value,8.95919e-06,4.65822,0.735542,0.216662,0.0308358
value,8.92906e-06,4.65822,0.765884,0.216662,0.0298488
value,8.41641e-06,4.65822,0.795296,0.216662,0.0289752
value,7.83257e-06,4.65822,0.823882,0.216662,0.0281966
value,7.45898e-06,4.65822,0.851729,0.216662,0.0274983
value,7.05755e-06,4.65822,0.878913,0.216662,0.0268689
value,6.62184e-06,4.65822,0.905497,0.216662,0.026299
value,6.15442e-06,4.65822,0.931537,0.216662,0.025781
value,5.67332e-06,4.65822,0.957082,0.216662,0.0253087
value,5.23435e-06,4.65822,0.982174,0.216662,0.0248768
value,4.83673e-06,4.65822,1.00685,0.216662,0.0244809
value,4.37479e-06,4.65822,1.03115,0.216662,0.0241174
value,3.89393e-06,4.65822,1.0551,0.216662,0.0237831
value,3.52568e-06,4.65822,1.07873,0.216662,0.0234752
value,2.83795e-06,4.65822,1.10207,0.216662,0.0231915
value,2.48147e-06,4.65822,1.12513,0.216662,0.0229299
value,2.75703e-06,4.65822,1.14794,0.216662,0.0226885
value,1.38602e-06,4.87489,0.101886,0.216662,0.203771
value,3.35575e-06,4.87489,0.246225,0.216662,0.0849079
value,3.93882e-06,4.87489,0.32143,0.216662,0.0655011
value,4.52404e-06,4.87489,0.381939,0.216662,0.055517
value,5.24081e-06,4.87489,0.434286,0.216662,0.0491768
value,6.09068e-06,4.87489,0.481226,0.216662,0.0447027
value,6.50104e-06,4.87489,0.524245,0.216662,0.041336
value,6.8623e-06,4.87489,0.564258,0.216662,0.0386899
value,7.21069e-06,4.87489,0.601875,0.216662,0.036544
value,7.60507e-06,4.87489,0.637528,0.216662,0.034762
value,7.56887e-06,4.87489,0.671536,0.216662,0.0332545
value,7.66947e-06,4.87489,0.704144,0.216662,0.0319604
value,7.52725e-06,4.87489,0.735542,0.216662,0.0308358
value,7.36014e-06,4.87489,0.765884,0.216662,0.0298488
value,7.15349e-06,4.87489,0.795296,0.216662,0.0289752
value,7.20584e-06,4.87489,0.823882,0.216662,0.0281966
value,6.77554e-06,4.87489,0.851729,0.216662,0.0274983
value,6.211e-06,4.87489,0.878913,0.216662,0.0268689
value,5.59859e-06,4.87489,0.905497,0.216662,0.026299
value,5.03835e-06,4.87489,0.931537,0.216662,0.025781
value,4.56958e-06,4.87489,0.957082,0.216662,0.0253087
value,4.16132e-06,4.87489,0.982174,0.216662,0.0248768
value,3.74698e-06,4.87489,1.00685,0.216662,0.0244809
value,3.31797e-06,4.87489,1.03115,0.216662,0.0241174
value,3.14569e-06,4.87489,1.0551,0.216662,0.0237831
value,2.44466e-06,4.87489,1.07873,0.216662,0.0234752
value,1.97971e-06,4.87489,1.10207,0.216662,0.0231915
value,2.24493e-06,4.87489,1.12513,0.216662,0.0229299
value,2.51401e-06,4.87489,1.14794,0.216662,0.0226885
value,1.37744e-06,5.09155,0.101886,0.216662,0.203771
value,3.35179e-06,5.09155,0.246225,0.216662,0.0849079
value,4.21061e-06,5.09155,0.32143,0.216662,0.0655011
value,4.79703e-06,5.09155,0.381939,0.216662,0.055517
value,5.517e-06,5.09155,0.434286,0.216662,0.0491768
value,5.84449e-06,5.09155,0.481226,0.216662,0.0447027
value,5.77494e-06,5.09155,0.524245,0.216662,0.041336
value,5.64059e-06,5.09155,0.564258,0.216662,0.0386899
value,6.0916e-06,5.09155,0.601875,0.216662,0.036544
value,6.2462e-06,5.09155,0.637528,0.216662,0.034762
value,6.36205e-06,5.09155,0.671536,0.216662,0.0332545
value,6.68538e-06,5.09155,0.704144,0.216662,0.0319604
value,6.67643e-06,5.09155,0.735542,0.216662,0.0308358
value,6.99335e-06,5.09155,0.765884,0.216662,0.0298488
value,6.92097e-06,5.09155,0.795296,0.216662,0.0289752
value,6.82107e-06,5.09155,0.823882,0.216662,0.0281966
value,6.33553e-06,5.09155,0.851729,0.216662,0.0274983
value,5.74195e-06,5.09155,0.878913,0.216662,0.0268689
value,5.1083e-06,5.09155,0.905497,0.216662,0.026299
value,4.45363e-06,5.09155,0.931537,0.216662,0.025781
value,4.03534e-06,5.09155,0.957082,0.216662,0.0253087
value,3.63908e-06,5.09155,0.982174,0.216662,0.0248768
value,3.22479e-06,5.09155,1.00685,0.216662,0.0244809
value,2.66264e-06,5.09155,1.03115,0.216662,0.0241174
value,2.10501e-06,5.09155,1.0551,0.216662,0.0237831
value,1.52835e-06,5.09155,1.07873,0.216662,0.0234752
value,1.78694e-06,5.09155,1.10207,0.216662,0.0231915
value,2.04995e-06,5.09155,1.12513,0.216662,0.0229299
value,2.31696e-06,5.09155,1.14794,0.216662,0.0226885
value,1.41368e-06,5.30821,0.101886,0.216662,0.203771
value,3.40214e-06,5.30821,0.246225,0.216662,0.0849079
value,4.29966e-06,5.30821,0.32143,0.216662,0.0655011
value,4.7757e-06,5.30821,0.381939,0.216662,0.055517
value,5.35022e-06,5.30821,0.434286,0.216662,0.0491768
value,5.49472e-06,5.30821,0.481226,0.216662,0.0447027
value,5.60636e-06,5.30821,0.524245,0.216662,0.041336
value,5.50435e-06,5.30821,0.564258,0.216662,0.0386899
value,5.4271e-06,5.30821,0.601875,0.216662,0.036544
value,5.95229e-06,5.30821,0.637528,0.216662,0.034762
value,5.99872e-06,5.30821,0.671536,0.216662,0.0332545
value,5.93053e-06,5.30821,0.704144,0.216662,0.0319604
value,6.39524e-06,5.30821,0.735542,0.216662,0.0308358
value,6.15098e-06,5.30821,0.765884,0.216662,0.0298488
value,5.86695e-06,5.30821,0.795296,0.216662,0.0289752
value,5.53862e-06,5.30821,0.823882,0.216662,0.0281966
value,5.0736e-06,5.30821,0.851729,0.216662,0.0274983
value,4.58556e-06,5.30821,0.878913,0.216662,0.0268689
value,4.11759e-06,5.30821,0.905497,0.216662,0.026299
value,3.61372e-06,5.30821,0.931537,0.216662,0.025781
value,3.07938e-06,5.30821,0.957082,0.216662,0.0253087
value,2.49352e-06,5.30821,0.982174,0.216662,0.0248768
value,1.85269e-06,5.30821,1.00685,0.216662,0.0244809
value,1.30869e-06,5.30821,1.03115,0.216662,0.0241174
value,1.10607e-06,5.30821,1.0551,0.216662,0.0237831
value,1.36143e-06,5.30821,1.07873,0.216662,0.0234752
value,1.62188e-06,5.30821,1.10207,0.216662,0.0231915
value,1.88697e-06,5.30821,1.12513,0.216662,0.0229299
value,2.15624e-06,5.30821,1.14794,0.216662,0.0226885
value,1.41146e-06,5.52487,0.101886,0.216662,0.203771
value,3.34795e-06,5.52487,0.246225,0.216662,0.0849079
value,4.03202e-06,5.52487,0.32143,0.216662,0.0655011
value,4.55758e-06,5.52487,0.381939,0.216662,0.055517
value,4.70425e-06,5.52487,0.434286,0.216662,0.0491768
value,4.7914e-06,5.52487,0.481226,0.216662,0.0447027
value,4.89782e-06,5.52487,0.524245,0.216662,0.041336
value,5.18151e-06,5.52487,0.564258,0.216662,0.0386899
value,5.17469e-06,5.52487,0.601875,0.216662,0.036544
value,4.90233e-06,5.52487,0.637528,0.216662,0.034762
value,5.25658e-06,5.52487,0.671536,0.216662,0.0332545
value,5.10505e-06,5.52487,0.704144,0.216662,0.0319604
value,4.80251e-06,5.52487,0.735542,0.216662,0.0308358
value,4.61311e-06,5.52487,0.765884,0.216662,0.0298488
value,3.97708e-06,5.52487,0.795296,0.216662,0.0289752
value,3.5819e-06,5.52487,0.823882,0.216662,0.0281966
value,2.981e-06,5.52487,0.851729,0.216662,0.0274983
value,2.36439e-06,5.52487,0.878913,0.216662,0.0268689
value,1.77188e-06,5.52487,0.905497,0.216662,0.026299
value,1.75269e-06,5.52487,0.931537,0.216662,0.025781
value,1.75677e-06,5.52487,0.957082,0.216662,0.0253087
value,1.61573e-06,5.52487,0.982174,0.216662,0.0248768
value,1.25536e-06,5.52487,1.00685,0.216662,0.0244809
value,1.16201e-06,5.52487,1.03115,0.216662,0.0241174
value,1.0645e-06,5.52487,1.0551,0.216662,0.0237831
value,1.20056e-06,5.52487,1.07873,0.216662,0.0234752
value,1.46534e-06,5.52487,1.10207,0.216662,0.0231915
value,1.735e-06,5.52487,1.12513,0.216662,0.0229299
value,2.00908e-06,5.52487,1.14794,0.216662,0.0226885
value,1.39959e-06,5.74153,0.101886,0.216662,0.203771
value,3.19132e-06,5.74153,0.246225,0.216662,0.0849079
value,3.60946e-06,5.74153,0.32143,0.216662,0.0655011
value,3.87135e-06,5.74153,0.381939,0.216662,0.055517
value,4.05167e-06,5.74153,0.434286,0.216662,0.0491768
value,4.07924e-06,5.74153,0.481226,0.216662,0.0447027
value,3.96312e-06,5.74153,0.524245,0.216662,0.041336
value,3.83476e-06,5.74153,0.564258,0.216662,0.0386899
value,4.07686e-06,5.74153,0.601875,0.216662,0.036544
value,4.09863e-06,5.74153,0.637528,0.216662,0.034762
value,3.60513e-06,5.74153,0.671536,0.216662,0.0332545
value,3.15678e-06,5.74153,0.704144,0.216662,0.0319604
value,2.2189e-06,5.74153,0.735542,0.216662,0.0308358
value,2.24631e-06,5.74153,0.765884,0.216662,0.0298488
value,2.20336e-06,5.74153,0.795296,0.216662,0.0289752
value,2.54124e-06,5.74153,0.823882,0.216662,0.0281966
value,2.81798e-06,5.74153,0.851729,0.216662,0.0274983
value,2.9752e-06,5.74153,0.878913,0.216662,0.0268689
value,2.84426e-06,5.74153,0.905497,0.216662,0.026299
value,2.52196e-06,5.74153,0.931537,0.216662,0.025781
value,2.18249e-06,5.74153,0.957082,0.216662,0.0253087
value,1.82714e-06,5.74153,0.982174,0.216662,0.0248768
value,1.45709e-06,5.74153,1.00685,0.216662,0.0244809
value,1.1513e-06,5.74153,1.03115,0.216662,0.0241174
value,1.05364e-06,5.74153,1.0551,0.216662,0.0237831
value,1.00178e-06,5.74153,1.07873,0.216662,0.0234752
value,1.26412e-06,5.74153,1.10207,0.216662,0.0231915
value,1.53149e-06,5.74153,1.12513,0.216662,0.0229299
value,1.80341e-06,5.74153,1.14794,0.216662,0.0226885
value,1.41423e-06,5.95819,0.101886,0.216662,0.203771
value,3.02812e-06,5.95819,0.246225,0.216662,0.0849079
value,3.24095e-06,5.95819,0.32143,0.216662,0.0655011
value,3.35373e-06,5.95819,0.381939,0.216662,0.055517
value,3.52209e-06,5.95819,0.434286,0.216662,0.0491768
value,3.38345e-06,5.95819,0.481226,0.216662,0.0447027
value,3.46842e-06,5.95819,0.524245,0.216662,0.041336
value,3.17199e-06,5.95819,0.564258,0.216662,0.0386899
value,2.77243e-06,5.95819,0.601875,0.216662,0.036544
value,2.42862e-06,5.95819,0.637528,0.216662,0.034762
value,2.53983e-06,5.95819,0.671536,0.216662,0.0332545
value,2.81913e-06,5.95819,0.704144,0.216662,0.0319604
value,3.06663e-06,5.95819,0.735542,0.216662,0.0308358
value,3.26647e-06,5.95819,0.765884,0.216662,0.0298488
value,3.36823e-06,5.95819,0.795296,0.216662,0.0289752
value,3.40662e-06,5.95819,0.823882,0.216662,0.0281966
value,3.17997e-06,5.95819,0.851729,0.216662,0.0274983
value,2.93398e-06,5.95819,0.878913,0.216662,0.0268689
value,2.67012e-06,5.95819,0.905497,0.216662,0.026299
value,2.38976e-06,5.95819,0.931537,0.216662,0.025781
value,2.09411e-06,5.95819,0.957082,0.216662,0.0253087
value,2.03856e-06,5.95819,0.982174,0.216662,0.0248768
value,1.67192e-06,5.95819,1.00685,0.216662,0.0244809
value,1.2915e-06,5.95819,1.03115,0.216662,0.0241174
value,1.04277e-06,5.95819,1.0551,0.216662,0.0237831
value,9.41106e-07,5.95819,1.07873,0.216662,0.0234752
value,1.06291e-06,5.95819,1.10207,0.216662,0.0231915
value,1.32798e-06,5.95819,1.12513,0.216662,0.0229299
value,1.59774e-06,5.95819,1.14794,0.216662,0.0226885
value,1.48425e-06,6.17485,0.101886,0.216662,0.203771
value,3.1825e-06,6.17485,0.246225,0.216662,0.0849079
value,3.53683e-06,6.17485,0.32143,0.216662,0.0655011
value,3.62247e-06,6.17485,0.381939,0.216662,0.055517
value,3.73137e-06,6.17485,0.434286,0.216662,0.0491768
value,3.55017e-06,6.17485,0.481226,0.216662,0.0447027
value,3.28549e-06,6.17485,0.524245,0.216662,0.041336
value,3.22808e-06,6.17485,0.564258,0.216662,0.0386899
value,3.29905e-06,6.17485,0.601875,0.216662,0.036544
value,3.44736e-06,6.17485,0.637528,0.216662,0.034762
value,3.67029e-06,6.17485,0.671536,0.216662,0.0332545
value,3.77958e-06,6.17485,0.704144,0.216662,0.0319604
value,3.81239e-06,6.17485,0.735542,0.216662,0.0308358
value,3.67017e-06,6.17485,0.765884,0.216662,0.0298488
value,3.50445e-06,6.17485,0.795296,0.216662,0.0289752
value,3.31722e-06,6.17485,0.823882,0.216662,0.0281966
value,3.11024e-06,6.17485,0.851729,0.216662,0.0274983
value,2.88507e-06,6.17485,0.878913,0.216662,0.0268689
value,2.64309e-06,6.17485,0.905497,0.216662,0.026299
value,2.38559e-06,6.17485,0.931537,0.216662,0.025781
value,2.1137e-06,6.17485,0.957082,0.216662,0.0253087
value,1.82849e-06,6.17485,0.982174,0.216662,0.0248768
value,1.60975e-06,6.17485,1.00685,0.216662,0.0244809
value,1.28557e-06,6.17485,1.03115,0.216662,0.0241174
value,9.50312e-07,6.17485,1.0551,0.216662,0.0237831
value,7.88175e-07,6.17485,1.07873,0.216662,0.0234752
value,7.30204e-07,6.17485,1.10207,0.216662,0.0231915
value,9.8128e-07,6.17485,1.12513,0.216662,0.0229299
value,1.217e-06,6.17485,1.14794,0.216662,0.0226885
zenith,0
zenith,0.203771
zenith,0.288679
zenith,0.35418
zenith,0.409697
zenith,0.458874
zenith,0.503577
zenith,0.544913
zenith,0.583603
zenith,0.620147
zenith,0.654909
zenith,0.688163
zenith,0.720124
zenith,0.75096
zenith,0.780808
zenith,0.809784
zenith,0.83798
zenith,0.865478
zenith,0.892347
zenith,0.918646
zenith,0.944427
zenith,0.969736
zenith,0.994613
zenith,1.01909
zenith,1.04321
zenith,1.06699
zenith,1.09047
zenith,1.11366
zenith,1.13659
zenith,1.15928
azimuth,0
azimuth,0.216662
azimuth,0.433323
azimuth,0.649985
azimuth,0.866646
azimuth,1.08331
azimuth,1.29997
azimuth,1.51663
azimuth,1.73329
azimuth,1.94995
azimuth,2.16662
azimuth,2.38328
azimuth,2.59994
azimuth,2.8166
azimuth,3.03326
azimuth,3.24992
azimuth,3.46658
azimuth,3.68325
azimuth,3.89991
azimuth,4.11657
azimuth,4.33323
azimuth,4.54989
azimuth,4.76655
azimuth,4.98322
azimuth,5.19988
azimuth,5.41654
azimuth,5.6332
azimuth,5.84986
azimuth,6.06652
azimuth,6.28319
